,userId,inputDt,inputDt_1,sleep,sleepProblem,dream,amCondition,amEmotion,pmEmotion,pmStress,routine_day,breakfast,lunch,dinner,lateSnack,cAmount(ml),aAmount(ml),caffeine_caffeinated drink,caffeine_coffee,caffeine_coke,caffeine_tea,alcohol_beer,alcohol_soju,alcohol_soju&beer,alcohol_wine,weekday_Friday,weekday_Monday,weekday_Saturday,weekday_Sunday,weekday_Thursday,weekday_Tuesday,weekday_Wednesday
1,117,2020-01-19 9:44,2020-01-19,4.0,0.0,4.0,3.0,3.0,3.0,4.0,1.0,0.0,3.0,3.0,0.0,300.0,0.0,False,True,False,False,False,False,False,False,False,False,False,True,False,False,False
2,117,2020-01-20 8:43,2020-01-20,5.0,5.0,4.0,2.0,3.0,3.0,4.0,0.0,0.0,3.0,3.0,0.0,300.0,0.0,False,True,False,False,False,False,False,False,False,True,False,False,False,False,False
3,117,2020-01-21 8:23,2020-01-21,3.0,2.0,4.0,2.0,3.0,4.0,4.0,0.0,3.0,3.0,3.0,3.0,0.0,0.0,False,False,False,False,False,False,False,False,False,False,False,False,False,True,False
4,117,2020-01-22 8:34,2020-01-22,4.0,5.0,4.0,2.0,2.0,3.0,4.0,0.0,3.0,3.0,3.0,0.0,0.0,0.0,False,False,False,False,False,False,False,False,False,False,False,False,False,False,True
5,117,2020-01-23 8:40,2020-01-23,5.0,0.0,4.0,2.0,3.0,3.0,2.0,0.0,3.0,3.0,3.0,0.0,300.0,0.0,False,True,False,False,False,False,False,False,False,False,False,False,True,False,False
6,117,2020-01-24 10:22,2020-01-24,2.0,2.0,4.0,2.0,3.0,4.0,4.0,0.0,2.0,2.0,3.0,3.0,300.0,0.0,False,True,False,False,False,False,False,False,True,False,False,False,False,False,False
7,117,2020-01-25 7:39,2020-01-25,2.0,0.0,4.0,1.0,2.0,4.0,5.0,1.0,2.0,3.0,3.0,0.0,0.0,200.0,False,False,False,False,True,False,False,False,False,False,True,False,False,False,False
8,117,2020-01-26 10:12,2020-01-26,4.0,2.0,4.0,2.0,3.0,4.0,5.0,1.0,2.0,2.0,2.0,3.0,0.0,0.0,False,False,False,False,False,False,False,False,False,False,False,True,False,False,False
9,117,2020-01-27 10:20,2020-01-27,3.0,8.0,4.0,2.0,3.0,2.0,2.0,1.0,3.0,3.0,3.0,2.0,0.0,200.0,False,False,False,False,False,False,False,True,False,True,False,False,False,False,False
10,117,2020-01-28 8:33,2020-01-28,3.0,4.0,4.0,4.0,3.0,3.0,4.0,1.0,3.0,3.0,2.0,0.0,0.0,0.0,False,False,False,False,False,False,False,False,False,False,False,False,False,True,False
11,117,2020-01-29 8:31,2020-01-29,2.0,2.0,4.0,2.0,2.0,3.0,4.0,0.0,0.0,2.0,3.0,0.0,0.0,0.0,False,False,False,False,False,False,False,False,False,False,False,False,False,False,True
12,117,2020-01-30 8:44,2020-01-30,3.0,2.0,4.0,3.0,2.0,2.0,2.0,0.0,0.0,3.0,2.0,0.0,300.0,0.0,False,True,False,False,False,False,False,False,False,False,False,False,True,False,False
13,117,2020-01-31 8:39,2020-01-31,1.0,5.0,4.0,2.0,1.0,3.0,4.0,0.0,0.0,3.0,2.0,0.0,300.0,0.0,False,True,False,False,False,False,False,False,True,False,False,False,False,False,False
14,117,2020-02-01 6:37,2020-02-01,2.0,2.0,4.0,1.0,2.0,5.0,5.0,0.0,0.0,3.0,3.0,0.0,0.0,0.0,False,False,False,False,False,False,False,False,False,False,True,False,False,False,False
15,117,2020-02-02 10:38,2020-02-02,3.0,0.0,4.0,3.0,3.0,5.0,4.0,1.0,0.0,2.0,3.0,0.0,0.0,200.0,False,False,False,False,True,False,False,False,False,False,False,True,False,False,False
16,117,2020-02-03 7:33,2020-02-03,4.0,0.0,4.0,2.0,4.0,4.0,4.0,1.0,0.0,2.0,3.0,0.0,0.0,0.0,False,False,False,False,False,False,False,False,False,True,False,False,False,False,False
18,105,2019-12-05 10:26,2019-12-05,4.0,0.0,4.0,3.0,3.0,4.0,3.0,0.0,3.0,2.0,2.0,0.0,0.0,0.0,False,False,False,False,False,False,False,False,False,False,False,False,True,False,False
19,105,2019-12-06 10:37,2019-12-06,4.0,0.0,4.0,3.0,3.0,3.0,4.0,0.0,3.0,0.0,3.0,0.0,300.0,0.0,False,True,False,False,False,False,False,False,True,False,False,False,False,False,False
20,105,2019-12-07 11:11,2019-12-07,4.0,0.0,4.0,4.0,3.0,4.0,5.0,0.0,3.0,0.0,0.0,0.0,0.0,0.0,False,False,False,False,False,False,False,False,False,False,True,False,False,False,False
21,105,2019-12-08 16:08,2019-12-08,2.0,9.0,4.0,2.0,2.0,5.0,5.0,1.0,3.0,0.0,3.0,0.0,0.0,0.0,False,False,False,False,False,False,False,False,False,False,False,True,False,False,False
22,105,2019-12-09 8:40,2019-12-09,5.0,0.0,4.0,2.0,2.0,3.0,5.0,1.0,0.0,3.0,0.0,0.0,0.0,400.0,False,False,False,False,False,True,False,False,False,True,False,False,False,False,False
23,105,2019-12-10 10:43,2019-12-10,4.0,0.0,4.0,3.0,3.0,5.0,5.0,0.0,3.0,0.0,3.0,0.0,300.0,0.0,False,True,False,False,False,False,False,False,False,False,False,False,False,True,False
24,105,2019-12-11 8:30,2019-12-11,5.0,0.0,4.0,3.0,3.0,5.0,4.0,0.0,3.0,0.0,3.0,0.0,0.0,0.0,False,False,False,False,False,False,False,False,False,False,False,False,False,False,True
25,105,2019-12-12 10:32,2019-12-12,5.0,0.0,4.0,4.0,3.0,5.0,5.0,0.0,3.0,3.0,3.0,0.0,300.0,0.0,False,True,False,False,False,False,False,False,False,False,False,False,True,False,False
26,105,2019-12-13 9:18,2019-12-13,5.0,0.0,4.0,3.0,3.0,5.0,5.0,0.0,3.0,3.0,3.0,0.0,0.0,0.0,False,False,False,False,False,False,False,False,True,False,False,False,False,False,False
27,105,2019-12-14 7:59,2019-12-14,5.0,0.0,4.0,5.0,5.0,5.0,5.0,0.0,0.0,3.0,3.0,0.0,0.0,0.0,False,False,False,False,False,False,False,False,False,False,True,False,False,False,False
28,105,2019-12-15 10:11,2019-12-15,5.0,0.0,4.0,5.0,5.0,5.0,5.0,1.0,3.0,3.0,3.0,0.0,0.0,0.0,False,False,False,False,False,False,False,False,False,False,False,True,False,False,False
29,105,2019-12-16 7:33,2019-12-16,5.0,0.0,3.0,5.0,5.0,5.0,5.0,0.0,3.0,3.0,3.0,0.0,0.0,0.0,False,False,False,False,False,False,False,False,False,True,False,False,False,False,False
30,105,2019-12-17 9:37,2019-12-17,5.0,0.0,4.0,5.0,5.0,5.0,5.0,0.0,3.0,0.0,3.0,0.0,0.0,0.0,False,False,False,False,False,False,False,False,False,False,False,False,False,True,False
31,105,2019-12-18 11:58,2019-12-18,5.0,0.0,4.0,5.0,5.0,5.0,5.0,0.0,3.0,3.0,3.0,0.0,0.0,0.0,False,False,False,False,False,False,False,False,False,False,False,False,False,False,True
34,104,2019-12-05 7:15,2019-12-05,3.0,1.0,4.0,2.0,2.0,2.0,2.0,0.0,3.0,2.0,0.0,0.0,300.0,0.0,False,True,False,False,False,False,False,False,False,False,False,False,True,False,False
35,104,2019-12-06 7:53,2019-12-06,3.0,0.0,4.0,2.0,3.0,3.0,3.0,0.0,3.0,3.0,0.0,0.0,600.0,0.0,False,True,False,False,False,False,False,False,True,False,False,False,False,False,False
37,104,2019-12-08 9:32,2019-12-08,3.0,5.0,4.0,4.0,3.0,5.0,3.0,0.0,3.0,0.0,0.0,3.0,300.0,0.0,False,False,False,True,False,False,False,False,False,False,False,True,False,False,False
38,104,2019-12-09 8:46,2019-12-09,4.0,1.0,2.0,4.0,3.0,4.0,4.0,0.0,0.0,3.0,3.0,0.0,0.0,0.0,False,False,False,False,False,False,False,False,False,True,False,False,False,False,False
39,104,2019-12-11 8:15,2019-12-11,4.0,0.0,4.0,2.0,3.0,4.0,2.0,0.0,0.0,3.0,2.0,0.0,300.0,0.0,False,True,False,False,False,False,False,False,False,False,False,False,False,False,True
40,104,2019-12-12 9:01,2019-12-12,4.0,2.0,2.0,4.0,3.0,4.0,2.0,0.0,3.0,3.0,0.0,3.0,600.0,0.0,False,True,False,False,False,False,False,False,False,False,False,False,True,False,False
42,104,2019-12-15 7:53,2019-12-15,3.0,2.0,1.0,4.0,4.0,4.0,4.0,1.0,0.0,2.0,3.0,0.0,0.0,400.0,False,False,False,False,False,True,False,False,False,False,False,True,False,False,False
43,104,2019-12-16 7:00,2019-12-16,4.0,0.0,2.0,2.0,2.0,5.0,3.0,0.0,0.0,3.0,3.0,0.0,300.0,200.0,False,True,False,False,True,False,False,False,False,True,False,False,False,False,False
44,104,2019-12-17 7:58,2019-12-17,4.0,0.0,4.0,2.0,3.0,4.0,3.0,0.0,0.0,2.0,2.0,3.0,300.0,0.0,False,True,False,False,False,False,False,False,False,False,False,False,False,True,False
45,104,2019-12-18 8:31,2019-12-18,2.0,2.0,4.0,1.0,4.0,4.0,4.0,1.0,0.0,2.0,0.0,0.0,300.0,0.0,False,True,False,False,False,False,False,False,False,False,False,False,False,False,True
46,104,2019-12-19 13:15,2019-12-19,4.0,0.0,4.0,2.0,4.0,4.0,4.0,0.0,0.0,3.0,0.0,2.0,600.0,0.0,False,True,False,False,False,False,False,False,False,False,False,False,True,False,False
47,104,2019-12-20 8:02,2019-12-20,4.0,0.0,4.0,2.0,4.0,4.0,4.0,1.0,2.0,3.0,2.0,2.0,300.0,0.0,False,False,False,True,False,False,False,False,True,False,False,False,False,False,False
48,104,2019-12-21 11:57,2019-12-21,4.0,0.0,4.0,4.0,3.0,3.0,3.0,0.0,0.0,3.0,3.0,0.0,0.0,0.0,False,False,False,False,False,False,False,False,False,False,True,False,False,False,False
49,104,2019-12-22 14:05,2019-12-22,1.0,0.0,4.0,2.0,4.0,4.0,5.0,1.0,2.0,3.0,0.0,3.0,300.0,400.0,False,True,False,False,False,True,False,False,False,False,False,True,False,False,False
51,104,2019-12-24 13:54,2019-12-24,3.0,5.0,4.0,2.0,3.0,3.0,4.0,0.0,0.0,2.0,3.0,0.0,600.0,600.0,False,True,False,False,False,True,False,False,False,False,False,False,False,True,False
54,120,2020-01-19 10:05,2020-01-19,4.0,0.0,2.0,3.0,3.0,4.0,4.0,0.0,0.0,1.0,0.0,2.0,0.0,0.0,False,False,False,False,False,False,False,False,False,False,False,True,False,False,False
55,120,2020-01-20 11:04,2020-01-20,4.0,9.0,4.0,2.0,3.0,4.0,4.0,0.0,0.0,2.0,2.0,2.0,0.0,0.0,False,False,False,False,False,False,False,False,False,True,False,False,False,False,False
56,120,2020-01-21 11:29,2020-01-21,4.0,0.0,4.0,2.0,3.0,3.0,3.0,0.0,0.0,2.0,3.0,2.0,0.0,0.0,False,False,False,False,False,False,False,False,False,False,False,False,False,True,False
57,120,2020-01-22 11:32,2020-01-22,4.0,0.0,4.0,2.0,3.0,3.0,5.0,0.0,0.0,3.0,2.0,0.0,0.0,0.0,False,False,False,False,False,False,False,False,False,False,False,False,False,False,True
58,120,2020-01-23 9:49,2020-01-23,3.0,9.0,2.0,2.0,3.0,3.0,4.0,0.0,0.0,1.0,0.0,2.0,0.0,0.0,False,False,False,False,False,False,False,False,False,False,False,False,True,False,False
59,120,2020-01-24 7:29,2020-01-24,4.0,0.0,4.0,2.0,3.0,4.0,5.0,0.0,2.0,3.0,3.0,0.0,0.0,200.0,False,False,False,False,False,True,False,False,True,False,False,False,False,False,False
60,120,2020-01-25 10:09,2020-01-25,4.0,5.0,2.0,2.0,3.0,4.0,5.0,0.0,2.0,3.0,3.0,0.0,0.0,0.0,False,False,False,False,False,False,False,False,False,False,True,False,False,False,False
61,120,2020-01-29 11:43,2020-01-29,4.0,9.0,3.0,3.0,4.0,4.0,5.0,0.0,2.0,2.0,3.0,0.0,0.0,0.0,False,False,False,False,False,False,False,False,False,False,False,False,False,False,True
62,120,2020-01-30 8:22,2020-01-30,3.0,0.0,4.0,2.0,3.0,3.0,5.0,0.0,0.0,1.0,2.0,2.0,0.0,0.0,False,False,False,False,False,False,False,False,False,False,False,False,True,False,False
63,120,2020-01-31 11:31,2020-01-31,4.0,0.0,4.0,4.0,4.0,3.0,3.0,0.0,0.0,1.0,2.0,0.0,0.0,0.0,False,False,False,False,False,False,False,False,True,False,False,False,False,False,False
65,120,2020-02-06 9:55,2020-02-06,4.0,0.0,4.0,2.0,3.0,4.0,4.0,0.0,0.0,3.0,3.0,0.0,0.0,0.0,False,False,False,False,False,False,False,False,False,False,False,False,True,False,False
66,120,2020-02-07 10:57,2020-02-07,4.0,0.0,4.0,2.0,3.0,3.0,4.0,0.0,2.0,3.0,3.0,0.0,0.0,0.0,False,False,False,False,False,False,False,False,True,False,False,False,False,False,False
67,120,2020-02-08 11:56,2020-02-08,4.0,0.0,3.0,3.0,4.0,3.0,2.0,0.0,2.0,3.0,3.0,3.0,0.0,0.0,False,False,False,False,False,False,False,False,False,False,True,False,False,False,False
68,120,2020-02-10 11:09,2020-02-10,4.0,0.0,4.0,3.0,4.0,4.0,4.0,0.0,0.0,3.0,3.0,2.0,0.0,0.0,False,False,False,False,False,False,False,False,False,True,False,False,False,False,False
69,120,2020-02-11 11:20,2020-02-11,3.0,0.0,4.0,2.0,3.0,3.0,4.0,0.0,2.0,2.0,3.0,0.0,0.0,0.0,False,False,False,False,False,False,False,False,False,False,False,False,False,True,False
70,120,2020-02-12 9:51,2020-02-12,3.0,0.0,4.0,2.0,3.0,3.0,4.0,0.0,0.0,1.0,3.0,2.0,0.0,0.0,False,False,False,False,False,False,False,False,False,False,False,False,False,False,True
71,120,2020-02-13 11:00,2020-02-13,3.0,0.0,4.0,2.0,2.0,4.0,5.0,0.0,0.0,3.0,3.0,2.0,0.0,0.0,False,False,False,False,False,False,False,False,False,False,False,False,True,False,False
73,103,2020-01-05 10:47,2020-01-05,5.0,0.0,4.0,3.0,4.0,5.0,2.0,1.0,3.0,3.0,3.0,3.0,0.0,0.0,False,False,False,False,False,False,False,False,False,False,False,True,False,False,False
74,103,2020-01-06 14:54,2020-01-06,5.0,0.0,4.0,4.0,4.0,5.0,3.0,1.0,3.0,3.0,3.0,3.0,300.0,0.0,False,True,False,False,False,False,False,False,False,True,False,False,False,False,False
75,103,2020-01-07 11:56,2020-01-07,5.0,0.0,4.0,4.0,4.0,5.0,5.0,0.0,3.0,3.0,3.0,0.0,0.0,0.0,False,False,False,False,False,False,False,False,False,False,False,False,False,True,False
76,103,2020-01-08 11:41,2020-01-08,2.0,0.0,4.0,2.0,2.0,5.0,3.0,0.0,3.0,3.0,3.0,0.0,0.0,0.0,False,False,False,False,False,False,False,False,False,False,False,False,False,False,True
77,103,2020-01-09 11:30,2020-01-09,2.0,1.0,4.0,2.0,2.0,5.0,4.0,1.0,0.0,3.0,2.0,0.0,0.0,0.0,False,False,False,False,False,False,False,False,False,False,False,False,True,False,False
78,103,2020-01-10 10:27,2020-01-10,4.0,0.0,4.0,4.0,4.0,4.0,4.0,0.0,3.0,3.0,3.0,3.0,0.0,200.0,False,False,False,False,True,False,False,False,True,False,False,False,False,False,False
80,103,2020-01-12 10:55,2020-01-12,4.0,1.0,4.0,2.0,4.0,4.0,2.0,0.0,3.0,3.0,3.0,0.0,300.0,0.0,False,True,False,False,False,False,False,False,False,False,False,True,False,False,False
81,103,2020-01-13 10:55,2020-01-13,2.0,5.0,4.0,2.0,3.0,2.0,2.0,0.0,0.0,0.0,3.0,3.0,0.0,0.0,False,False,False,False,False,False,False,False,False,True,False,False,False,False,False
82,103,2020-01-14 10:54,2020-01-14,4.0,5.0,4.0,3.0,3.0,3.0,4.0,0.0,0.0,2.0,3.0,0.0,300.0,0.0,False,True,False,False,False,False,False,False,False,False,False,False,False,True,False
83,103,2020-01-15 11:20,2020-01-15,1.0,1.0,4.0,2.0,4.0,4.0,4.0,0.0,3.0,3.0,0.0,0.0,300.0,0.0,False,True,False,False,False,False,False,False,False,False,False,False,False,False,True
84,103,2020-01-16 11:40,2020-01-16,5.0,0.0,2.0,2.0,4.0,5.0,4.0,0.0,3.0,0.0,3.0,3.0,0.0,0.0,False,False,False,False,False,False,False,False,False,False,False,False,True,False,False
85,103,2020-01-17 11:27,2020-01-17,4.0,0.0,4.0,4.0,4.0,5.0,4.0,0.0,0.0,2.0,3.0,3.0,0.0,0.0,False,False,False,False,False,False,False,False,True,False,False,False,False,False,False
88,114,2019-12-08 10:36,2019-12-08,4.0,2.0,2.0,3.0,3.0,5.0,5.0,0.0,0.0,3.0,1.0,0.0,300.0,0.0,False,True,False,False,False,False,False,False,False,False,False,True,False,False,False
89,114,2019-12-09 9:38,2019-12-09,4.0,0.0,4.0,4.0,5.0,4.0,4.0,0.0,3.0,3.0,0.0,0.0,0.0,0.0,False,False,False,False,False,False,False,False,False,True,False,False,False,False,False
90,114,2019-12-10 9:32,2019-12-10,5.0,0.0,4.0,5.0,5.0,5.0,5.0,0.0,0.0,3.0,0.0,0.0,0.0,0.0,False,False,False,False,False,False,False,False,False,False,False,False,False,True,False
91,114,2019-12-11 9:39,2019-12-11,3.0,0.0,2.0,2.0,3.0,5.0,5.0,0.0,0.0,3.0,0.0,0.0,300.0,0.0,False,True,False,False,False,False,False,False,False,False,False,False,False,False,True
92,114,2019-12-12 9:36,2019-12-12,4.0,1.0,2.0,3.0,3.0,5.0,5.0,0.0,0.0,3.0,3.0,0.0,300.0,0.0,False,True,False,False,False,False,False,False,False,False,False,False,True,False,False
93,114,2019-12-13 10:20,2019-12-13,4.0,0.0,2.0,4.0,4.0,4.0,5.0,0.0,0.0,3.0,3.0,0.0,300.0,0.0,False,True,False,False,False,False,False,False,True,False,False,False,False,False,False
94,114,2019-12-14 12:01,2019-12-14,3.0,1.0,2.0,3.0,2.0,5.0,5.0,0.0,3.0,3.0,3.0,0.0,600.0,0.0,False,True,False,False,False,False,False,False,False,False,True,False,False,False,False
95,114,2019-12-15 10:46,2019-12-15,3.0,6.0,4.0,3.0,2.0,5.0,4.0,0.0,0.0,3.0,3.0,3.0,300.0,0.0,False,True,False,False,False,False,False,False,False,False,False,True,False,False,False
96,114,2019-12-16 9:32,2019-12-16,3.0,9.0,2.0,4.0,3.0,5.0,4.0,0.0,0.0,3.0,3.0,3.0,300.0,200.0,False,True,False,False,True,False,False,False,False,True,False,False,False,False,False
97,114,2019-12-17 9:50,2019-12-17,3.0,0.0,2.0,3.0,3.0,3.0,2.0,0.0,0.0,3.0,0.0,3.0,0.0,0.0,False,False,False,False,False,False,False,False,False,False,False,False,False,True,False
98,114,2019-12-18 11:25,2019-12-18,4.0,0.0,2.0,3.0,4.0,2.0,2.0,0.0,0.0,3.0,3.0,0.0,300.0,0.0,False,True,False,False,False,False,False,False,False,False,False,False,False,False,True
99,114,2019-12-20 11:28,2019-12-20,2.0,0.0,4.0,1.0,1.0,5.0,5.0,0.0,3.0,3.0,3.0,3.0,0.0,400.0,False,False,False,False,False,True,False,False,True,False,False,False,False,False,False
101,114,2019-12-22 13:03,2019-12-22,4.0,0.0,3.0,4.0,4.0,5.0,5.0,0.0,0.0,3.0,3.0,0.0,0.0,0.0,False,False,False,False,False,False,False,False,False,False,False,True,False,False,False
103,101,2020-01-02 7:01,2020-01-02,5.0,9.0,4.0,4.0,4.0,5.0,5.0,0.0,0.0,3.0,3.0,0.0,0.0,0.0,False,False,False,False,False,False,False,False,False,False,False,False,True,False,False
104,101,2020-01-03 7:09,2020-01-03,5.0,9.0,4.0,4.0,4.0,4.0,3.0,0.0,3.0,3.0,2.0,0.0,0.0,0.0,False,False,False,False,False,False,False,False,True,False,False,False,False,False,False
105,101,2020-01-04 11:47,2020-01-04,5.0,9.0,4.0,4.0,4.0,4.0,3.0,0.0,3.0,3.0,3.0,3.0,0.0,0.0,False,False,False,False,False,False,False,False,False,False,True,False,False,False,False
106,101,2020-01-05 9:27,2020-01-05,2.0,1.0,4.0,2.0,2.0,4.0,4.0,0.0,0.0,3.0,3.0,0.0,0.0,0.0,False,False,False,False,False,False,False,False,False,False,False,True,False,False,False
107,101,2020-01-06 8:08,2020-01-06,5.0,9.0,4.0,2.0,4.0,4.0,2.0,1.0,0.0,3.0,3.0,0.0,0.0,0.0,False,False,False,False,False,False,False,False,False,True,False,False,False,False,False
109,101,2020-01-09 8:04,2020-01-09,3.0,1.0,4.0,2.0,3.0,4.0,1.0,0.0,3.0,3.0,0.0,0.0,0.0,0.0,False,False,False,False,False,False,False,False,False,False,False,False,True,False,False
110,101,2020-01-10 8:09,2020-01-10,4.0,0.0,4.0,2.0,3.0,4.0,3.0,0.0,3.0,3.0,3.0,3.0,0.0,0.0,False,False,False,False,False,False,False,False,True,False,False,False,False,False,False
111,101,2020-01-11 11:22,2020-01-11,4.0,9.0,4.0,4.0,4.0,4.0,3.0,0.0,3.0,3.0,0.0,0.0,0.0,0.0,False,False,False,False,False,False,False,False,False,False,True,False,False,False,False
112,101,2020-01-12 11:26,2020-01-12,4.0,0.0,4.0,4.0,4.0,4.0,3.0,1.0,0.0,3.0,3.0,0.0,0.0,0.0,False,False,False,False,False,False,False,False,False,False,False,True,False,False,False
113,101,2020-01-13 8:15,2020-01-13,4.0,1.0,4.0,2.0,3.0,4.0,3.0,1.0,0.0,3.0,3.0,0.0,0.0,0.0,False,False,False,False,False,False,False,False,False,True,False,False,False,False,False
115,115,2019-12-21 10:44,2019-12-21,4.0,0.0,4.0,4.0,3.0,3.0,2.0,0.0,0.0,2.0,2.0,0.0,0.0,0.0,False,False,False,False,False,False,False,False,False,False,True,False,False,False,False
116,115,2019-12-22 6:52,2019-12-22,3.0,0.0,2.0,3.0,3.0,4.0,4.0,0.0,0.0,3.0,3.0,0.0,0.0,0.0,False,False,False,False,False,False,False,False,False,False,False,True,False,False,False
117,115,2019-12-23 9:26,2019-12-23,2.0,2.0,2.0,2.0,3.0,4.0,4.0,1.0,0.0,3.0,3.0,0.0,0.0,0.0,False,False,False,False,False,False,False,False,False,True,False,False,False,False,False
118,115,2019-12-24 5:05,2019-12-24,2.0,9.0,4.0,2.0,3.0,4.0,4.0,0.0,0.0,3.0,2.0,0.0,0.0,0.0,False,False,False,False,False,False,False,False,False,False,False,False,False,True,False
119,115,2019-12-25 13:24,2019-12-25,4.0,0.0,2.0,4.0,3.0,3.0,3.0,1.0,2.0,3.0,2.0,0.0,0.0,0.0,False,False,False,False,False,False,False,False,False,False,False,False,False,False,True
120,115,2019-12-27 12:15,2019-12-27,3.0,5.0,2.0,3.0,3.0,3.0,4.0,0.0,0.0,2.0,3.0,2.0,0.0,0.0,False,False,False,False,False,False,False,False,True,False,False,False,False,False,False
123,115,2019-12-31 5:16,2019-12-31,2.0,2.0,4.0,2.0,3.0,4.0,4.0,0.0,2.0,0.0,2.0,2.0,0.0,0.0,False,False,False,False,False,False,False,False,False,False,False,False,False,True,False
125,115,2020-01-03 11:29,2020-01-03,3.0,0.0,2.0,3.0,3.0,3.0,3.0,0.0,2.0,2.0,2.0,0.0,0.0,0.0,False,False,False,False,False,False,False,False,True,False,False,False,False,False,False
127,115,2020-01-05 8:53,2020-01-05,3.0,0.0,2.0,2.0,3.0,3.0,3.0,0.0,2.0,2.0,2.0,0.0,0.0,0.0,False,False,False,False,False,False,False,False,False,False,False,True,False,False,False
128,115,2020-01-06 9:52,2020-01-06,3.0,0.0,2.0,2.0,3.0,3.0,4.0,0.0,0.0,2.0,2.0,0.0,0.0,0.0,False,False,False,False,False,False,False,False,False,True,False,False,False,False,False
130,110,2019-12-19 4:59,2019-12-19,4.0,0.0,4.0,3.0,3.0,4.0,4.0,0.0,3.0,3.0,3.0,0.0,0.0,0.0,False,False,False,False,False,False,False,False,False,False,False,False,True,False,False
134,110,2019-12-23 8:57,2019-12-23,5.0,0.0,4.0,2.0,3.0,3.0,2.0,0.0,0.0,0.0,2.0,0.0,0.0,0.0,False,False,False,False,False,False,False,False,False,True,False,False,False,False,False
135,110,2019-12-24 7:40,2019-12-24,4.0,0.0,3.0,3.0,2.0,3.0,2.0,0.0,2.0,3.0,3.0,0.0,0.0,0.0,False,False,False,False,False,False,False,False,False,False,False,False,False,True,False
137,110,2019-12-26 8:18,2019-12-26,4.0,3.0,2.0,3.0,3.0,4.0,5.0,1.0,3.0,3.0,3.0,3.0,0.0,0.0,False,False,False,False,False,False,False,False,False,False,False,False,True,False,False
138,110,2019-12-27 7:44,2019-12-27,3.0,5.0,2.0,3.0,3.0,2.0,3.0,0.0,3.0,3.0,3.0,3.0,0.0,0.0,False,False,False,False,False,False,False,False,True,False,False,False,False,False,False
140,110,2020-01-10 12:48,2020-01-10,2.0,9.0,2.0,3.0,3.0,4.0,3.0,0.0,3.0,3.0,3.0,0.0,0.0,0.0,False,False,False,False,False,False,False,False,True,False,False,False,False,False,False
142,110,2020-01-12 16:19,2020-01-12,4.0,9.0,2.0,3.0,3.0,3.0,2.0,0.0,3.0,3.0,3.0,3.0,0.0,0.0,False,False,False,False,False,False,False,False,False,False,False,True,False,False,False
143,110,2020-01-14 11:55,2020-01-14,4.0,9.0,3.0,3.0,3.0,3.0,3.0,0.0,3.0,3.0,3.0,3.0,0.0,0.0,False,False,False,False,False,False,False,False,False,False,False,False,False,True,False
144,110,2020-01-15 13:19,2020-01-15,4.0,9.0,2.0,4.0,3.0,3.0,3.0,0.0,0.0,3.0,3.0,0.0,0.0,0.0,False,False,False,False,False,False,False,False,False,False,False,False,False,False,True
145,110,2020-01-17 10:51,2020-01-17,4.0,9.0,3.0,3.0,3.0,3.0,3.0,0.0,3.0,3.0,3.0,0.0,0.0,0.0,False,False,False,False,False,False,False,False,True,False,False,False,False,False,False
147,113,2020-01-03 8:46,2020-01-03,3.0,2.0,4.0,3.0,4.0,4.0,4.0,0.0,2.0,3.0,3.0,0.0,0.0,0.0,False,False,False,False,False,False,False,False,True,False,False,False,False,False,False
148,113,2020-01-04 10:00,2020-01-04,4.0,0.0,4.0,4.0,4.0,3.0,4.0,0.0,2.0,2.0,3.0,0.0,0.0,0.0,False,False,False,False,False,False,False,False,False,False,True,False,False,False,False
150,113,2020-01-06 9:11,2020-01-06,4.0,0.0,4.0,4.0,3.0,4.0,5.0,0.0,2.0,3.0,2.0,0.0,0.0,0.0,False,False,False,False,False,False,False,False,False,True,False,False,False,False,False
151,113,2020-01-07 8:54,2020-01-07,4.0,0.0,4.0,3.0,4.0,5.0,5.0,0.0,2.0,2.0,3.0,0.0,0.0,0.0,False,False,False,False,False,False,False,False,False,False,False,False,False,True,False
152,113,2020-01-08 9:11,2020-01-08,3.0,1.0,4.0,3.0,3.0,4.0,5.0,0.0,2.0,3.0,2.0,0.0,0.0,0.0,False,False,False,False,False,False,False,False,False,False,False,False,False,False,True
153,113,2020-01-09 9:36,2020-01-09,4.0,0.0,4.0,3.0,3.0,4.0,5.0,0.0,2.0,2.0,2.0,0.0,0.0,0.0,False,False,False,False,False,False,False,False,False,False,False,False,True,False,False
154,113,2020-01-10 8:41,2020-01-10,4.0,0.0,4.0,3.0,3.0,3.0,5.0,0.0,2.0,3.0,2.0,0.0,0.0,0.0,False,False,False,False,False,False,False,False,True,False,False,False,False,False,False
155,113,2020-01-11 9:08,2020-01-11,3.0,0.0,4.0,3.0,4.0,4.0,5.0,0.0,2.0,2.0,3.0,0.0,0.0,0.0,False,False,False,False,False,False,False,False,False,False,True,False,False,False,False
156,113,2020-01-12 9:19,2020-01-12,3.0,1.0,4.0,3.0,3.0,4.0,5.0,0.0,2.0,3.0,3.0,0.0,0.0,0.0,False,False,False,False,False,False,False,False,False,False,False,True,False,False,False
157,113,2020-01-14 9:03,2020-01-14,3.0,1.0,4.0,3.0,4.0,3.0,4.0,0.0,2.0,3.0,3.0,0.0,0.0,0.0,False,False,False,False,False,False,False,False,False,False,False,False,False,True,False
158,113,2020-01-15 9:26,2020-01-15,4.0,0.0,4.0,4.0,4.0,4.0,3.0,0.0,2.0,3.0,3.0,2.0,0.0,0.0,False,False,False,False,False,False,False,False,False,False,False,False,False,False,True
159,113,2020-01-16 9:03,2020-01-16,4.0,0.0,4.0,4.0,4.0,4.0,3.0,0.0,2.0,3.0,3.0,0.0,0.0,0.0,False,False,False,False,False,False,False,False,False,False,False,False,True,False,False
160,113,2020-01-17 9:35,2020-01-17,4.0,0.0,4.0,4.0,4.0,3.0,3.0,0.0,2.0,3.0,3.0,0.0,0.0,0.0,False,False,False,False,False,False,False,False,True,False,False,False,False,False,False
161,113,2020-01-18 9:51,2020-01-18,4.0,0.0,4.0,3.0,3.0,4.0,5.0,0.0,2.0,3.0,2.0,0.0,0.0,0.0,False,False,False,False,False,False,False,False,False,False,True,False,False,False,False
162,113,2020-01-19 10:10,2020-01-19,4.0,0.0,4.0,3.0,3.0,4.0,4.0,0.0,2.0,3.0,3.0,0.0,0.0,0.0,False,False,False,False,False,False,False,False,False,False,False,True,False,False,False
163,108,2019-12-10 8:21,2019-12-10,3.0,6.0,2.0,2.0,2.0,2.0,3.0,1.0,2.0,3.0,3.0,2.0,300.0,200.0,False,True,False,False,True,False,False,False,False,False,False,False,False,True,False
164,108,2019-12-11 9:13,2019-12-11,3.0,6.0,4.0,3.0,3.0,2.0,1.0,1.0,1.0,2.0,3.0,0.0,300.0,0.0,False,True,False,False,False,False,False,False,False,False,False,False,False,False,True
165,108,2019-12-12 11:11,2019-12-12,4.0,6.0,4.0,4.0,2.0,2.0,4.0,0.0,3.0,1.0,2.0,0.0,0.0,0.0,False,False,False,False,False,False,False,False,False,False,False,False,True,False,False
166,108,2019-12-13 11:23,2019-12-13,2.0,0.0,4.0,1.0,2.0,4.0,4.0,0.0,0.0,2.0,0.0,2.0,300.0,0.0,False,True,False,False,False,False,False,False,True,False,False,False,False,False,False
167,108,2019-12-14 12:09,2019-12-14,2.0,6.0,4.0,2.0,4.0,3.0,4.0,0.0,0.0,3.0,3.0,0.0,300.0,0.0,False,True,False,False,False,False,False,False,False,False,True,False,False,False,False
168,108,2019-12-15 11:39,2019-12-15,3.0,5.0,4.0,3.0,4.0,3.0,2.0,1.0,0.0,2.0,2.0,0.0,300.0,0.0,False,True,False,False,False,False,False,False,False,False,False,True,False,False,False
169,108,2019-12-16 11:15,2019-12-16,2.0,0.0,2.0,1.0,2.0,3.0,2.0,1.0,0.0,3.0,3.0,0.0,300.0,0.0,False,True,False,False,False,False,False,False,False,True,False,False,False,False,False
170,108,2019-12-17 14:01,2019-12-17,3.0,0.0,4.0,2.0,2.0,4.0,4.0,0.0,0.0,3.0,0.0,2.0,300.0,0.0,False,True,False,False,False,False,False,False,False,False,False,False,False,True,False
171,108,2019-12-18 12:43,2019-12-18,4.0,0.0,2.0,4.0,3.0,3.0,4.0,0.0,0.0,2.0,2.0,0.0,300.0,0.0,False,True,False,False,False,False,False,False,False,False,False,False,False,False,True
172,108,2019-12-19 11:40,2019-12-19,3.0,5.0,4.0,2.0,3.0,3.0,5.0,0.0,0.0,3.0,2.0,3.0,600.0,0.0,False,True,False,False,False,False,False,False,False,False,False,False,True,False,False
173,108,2019-12-20 8:43,2019-12-20,2.0,1.0,4.0,2.0,2.0,1.0,1.0,0.0,0.0,3.0,2.0,1.0,300.0,0.0,False,True,False,False,False,False,False,False,True,False,False,False,False,False,False
174,108,2019-12-21 8:43,2019-12-21,3.0,5.0,2.0,2.0,3.0,5.0,5.0,0.0,0.0,1.0,3.0,0.0,300.0,0.0,False,True,False,False,False,False,False,False,False,False,True,False,False,False,False
175,108,2019-12-22 11:49,2019-12-22,2.0,7.0,1.0,2.0,2.0,5.0,5.0,0.0,0.0,3.0,3.0,0.0,300.0,0.0,False,True,False,False,False,False,False,False,False,False,False,True,False,False,False
176,108,2019-12-23 9:06,2019-12-23,3.0,6.0,4.0,2.0,3.0,4.0,5.0,0.0,0.0,3.0,2.0,2.0,300.0,0.0,False,True,False,False,False,False,False,False,False,True,False,False,False,False,False
177,108,2019-12-24 8:36,2019-12-24,2.0,0.0,4.0,2.0,2.0,4.0,2.0,0.0,0.0,3.0,3.0,0.0,300.0,0.0,False,True,False,False,False,False,False,False,False,False,False,False,False,True,False
179,119,2020-01-23 8:23,2020-01-23,4.0,0.0,4.0,4.0,4.0,4.0,4.0,0.0,3.0,3.0,3.0,0.0,0.0,0.0,False,False,False,False,False,False,False,False,False,False,False,False,True,False,False
180,119,2020-01-24 7:11,2020-01-24,3.0,3.0,4.0,4.0,4.0,5.0,5.0,0.0,3.0,3.0,3.0,3.0,300.0,0.0,False,True,False,False,False,False,False,False,True,False,False,False,False,False,False
181,119,2020-01-25 8:23,2020-01-25,4.0,0.0,4.0,4.0,4.0,4.0,4.0,0.0,3.0,3.0,3.0,3.0,0.0,0.0,False,False,False,False,False,False,False,False,False,False,True,False,False,False,False
182,119,2020-01-26 7:37,2020-01-26,4.0,0.0,4.0,4.0,4.0,4.0,4.0,0.0,3.0,3.0,3.0,0.0,0.0,0.0,False,False,False,False,False,False,False,False,False,False,False,True,False,False,False
183,119,2020-01-27 7:39,2020-01-27,4.0,0.0,4.0,5.0,5.0,5.0,4.0,0.0,3.0,3.0,3.0,0.0,0.0,0.0,False,False,False,False,False,False,False,False,False,True,False,False,False,False,False
184,119,2020-01-28 7:45,2020-01-28,4.0,0.0,4.0,4.0,4.0,5.0,4.0,0.0,3.0,3.0,3.0,0.0,0.0,0.0,False,False,False,False,False,False,False,False,False,False,False,False,False,True,False
185,119,2020-01-29 8:00,2020-01-29,4.0,0.0,4.0,4.0,4.0,3.0,4.0,0.0,3.0,3.0,3.0,0.0,0.0,0.0,False,False,False,False,False,False,False,False,False,False,False,False,False,False,True
186,119,2020-01-30 7:36,2020-01-30,4.0,0.0,4.0,5.0,5.0,4.0,4.0,0.0,3.0,3.0,3.0,0.0,0.0,0.0,False,False,False,False,False,False,False,False,False,False,False,False,True,False,False
188,119,2020-02-01 7:40,2020-02-01,4.0,0.0,4.0,5.0,4.0,4.0,5.0,0.0,3.0,3.0,3.0,0.0,0.0,0.0,False,False,False,False,False,False,False,False,False,False,True,False,False,False,False
189,119,2020-02-02 7:28,2020-02-02,4.0,0.0,4.0,4.0,4.0,4.0,4.0,0.0,3.0,3.0,3.0,0.0,0.0,0.0,False,False,False,False,False,False,False,False,False,False,False,True,False,False,False
190,119,2020-02-03 8:21,2020-02-03,4.0,0.0,4.0,5.0,4.0,4.0,4.0,0.0,3.0,3.0,3.0,0.0,0.0,0.0,False,False,False,False,False,False,False,False,False,True,False,False,False,False,False
191,119,2020-02-04 5:13,2020-02-04,2.0,2.0,4.0,4.0,2.0,4.0,4.0,0.0,3.0,3.0,3.0,0.0,0.0,0.0,False,False,False,False,False,False,False,False,False,False,False,False,False,True,False
192,119,2020-02-05 8:00,2020-02-05,4.0,0.0,4.0,4.0,4.0,4.0,4.0,0.0,3.0,3.0,3.0,0.0,0.0,0.0,False,False,False,False,False,False,False,False,False,False,False,False,False,False,True
195,111,2019-12-06 7:08,2019-12-06,2.0,5.0,4.0,1.0,1.0,2.0,3.0,1.0,2.0,2.0,2.0,2.0,300.0,400.0,False,True,False,False,False,True,False,False,True,False,False,False,False,False,False
196,111,2019-12-07 9:25,2019-12-07,4.0,0.0,4.0,4.0,3.0,4.0,2.0,0.0,0.0,3.0,3.0,0.0,300.0,0.0,False,True,False,False,False,False,False,False,False,False,True,False,False,False,False
197,111,2019-12-08 9:19,2019-12-08,2.0,0.0,4.0,2.0,2.0,4.0,2.0,0.0,0.0,3.0,3.0,0.0,300.0,400.0,False,True,False,False,False,False,True,False,False,False,False,True,False,False,False
198,111,2019-12-09 7:52,2019-12-09,3.0,0.0,2.0,1.0,3.0,3.0,2.0,0.0,0.0,3.0,0.0,0.0,600.0,0.0,False,True,False,False,False,False,False,False,False,True,False,False,False,False,False
200,111,2019-12-11 8:47,2019-12-11,4.0,0.0,4.0,2.0,2.0,3.0,1.0,0.0,0.0,3.0,3.0,0.0,300.0,0.0,False,True,False,False,False,False,False,False,False,False,False,False,False,False,True
201,111,2019-12-12 14:31,2019-12-12,4.0,0.0,4.0,2.0,2.0,3.0,2.0,0.0,0.0,3.0,3.0,0.0,300.0,0.0,False,True,False,False,False,False,False,False,False,False,False,False,True,False,False
202,111,2019-12-13 11:03,2019-12-13,3.0,0.0,4.0,2.0,2.0,2.0,2.0,0.0,0.0,3.0,3.0,0.0,300.0,0.0,False,True,False,False,False,False,False,False,True,False,False,False,False,False,False
203,111,2019-12-14 8:54,2019-12-14,2.0,0.0,1.0,3.0,3.0,2.0,1.0,0.0,3.0,3.0,0.0,0.0,0.0,0.0,False,False,False,False,False,False,False,False,False,False,True,False,False,False,False
204,111,2019-12-15 9:25,2019-12-15,2.0,0.0,2.0,1.0,3.0,3.0,2.0,0.0,0.0,3.0,3.0,0.0,300.0,0.0,False,True,False,False,False,False,False,False,False,False,False,True,False,False,False
206,111,2019-12-17 8:40,2019-12-17,2.0,0.0,2.0,1.0,2.0,2.0,2.0,0.0,0.0,3.0,0.0,0.0,300.0,0.0,False,True,False,False,False,False,False,False,False,False,False,False,False,True,False
207,111,2019-12-18 9:35,2019-12-18,2.0,0.0,4.0,1.0,2.0,2.0,2.0,0.0,3.0,0.0,3.0,0.0,300.0,0.0,False,True,False,False,False,False,False,False,False,False,False,False,False,False,True
208,111,2019-12-19 9:17,2019-12-19,4.0,0.0,4.0,1.0,2.0,2.0,1.0,0.0,0.0,0.0,3.0,0.0,300.0,0.0,False,True,False,False,False,False,False,False,False,False,False,False,True,False,False
213,106,2020-02-02 12:52,2020-02-02,5.0,0.0,4.0,5.0,4.0,5.0,4.0,0.0,3.0,3.0,3.0,0.0,0.0,0.0,False,False,False,False,False,False,False,False,False,False,False,True,False,False,False
214,106,2020-02-03 6:37,2020-02-03,5.0,0.0,4.0,4.0,5.0,5.0,5.0,0.0,3.0,3.0,3.0,0.0,0.0,0.0,False,False,False,False,False,False,False,False,False,True,False,False,False,False,False
215,106,2020-02-04 6:45,2020-02-04,5.0,0.0,4.0,5.0,5.0,5.0,5.0,1.0,3.0,3.0,3.0,0.0,0.0,600.0,False,False,False,False,False,True,False,False,False,False,False,False,False,True,False
217,106,2020-02-08 8:49,2020-02-08,5.0,0.0,4.0,5.0,5.0,5.0,5.0,0.0,3.0,3.0,3.0,3.0,0.0,0.0,False,False,False,False,False,False,False,False,False,False,True,False,False,False,False
218,106,2020-02-09 15:06,2020-02-09,5.0,0.0,4.0,4.0,5.0,5.0,5.0,0.0,3.0,3.0,3.0,0.0,0.0,0.0,False,False,False,False,False,False,False,False,False,False,False,True,False,False,False
219,106,2020-02-10 7:48,2020-02-10,5.0,0.0,4.0,5.0,5.0,5.0,5.0,0.0,3.0,3.0,3.0,0.0,0.0,0.0,False,False,False,False,False,False,False,False,False,True,False,False,False,False,False
220,106,2020-02-11 11:30,2020-02-11,5.0,0.0,4.0,5.0,5.0,5.0,5.0,0.0,3.0,3.0,3.0,0.0,0.0,0.0,False,False,False,False,False,False,False,False,False,False,False,False,False,True,False
223,102,2019-12-10 10:08,2019-12-10,3.0,2.0,4.0,3.0,3.0,4.0,4.0,0.0,0.0,3.0,3.0,0.0,0.0,0.0,False,False,False,False,False,False,False,False,False,False,False,False,False,True,False
224,102,2019-12-11 10:14,2019-12-11,3.0,1.0,2.0,4.0,3.0,4.0,4.0,0.0,0.0,3.0,3.0,0.0,0.0,0.0,False,False,False,False,False,False,False,False,False,False,False,False,False,False,True
225,102,2019-12-12 9:50,2019-12-12,2.0,1.0,2.0,3.0,3.0,4.0,4.0,0.0,0.0,3.0,3.0,0.0,300.0,0.0,False,True,False,False,False,False,False,False,False,False,False,False,True,False,False
226,102,2019-12-13 11:02,2019-12-13,4.0,1.0,4.0,3.0,4.0,4.0,4.0,0.0,0.0,2.0,3.0,0.0,300.0,0.0,False,True,False,False,False,False,False,False,True,False,False,False,False,False,False
227,102,2019-12-14 7:19,2019-12-14,3.0,2.0,4.0,3.0,4.0,4.0,4.0,0.0,3.0,3.0,3.0,0.0,0.0,0.0,False,False,False,False,False,False,False,False,False,False,True,False,False,False,False
228,102,2019-12-15 9:10,2019-12-15,4.0,2.0,4.0,2.0,2.0,4.0,4.0,1.0,0.0,3.0,3.0,0.0,300.0,0.0,False,True,False,False,False,False,False,False,False,False,False,True,False,False,False
229,102,2019-12-16 9:20,2019-12-16,2.0,2.0,2.0,2.0,3.0,4.0,5.0,1.0,3.0,3.0,3.0,3.0,0.0,0.0,False,False,False,False,False,False,False,False,False,True,False,False,False,False,False
230,102,2019-12-17 11:27,2019-12-17,4.0,0.0,2.0,4.0,4.0,4.0,4.0,0.0,0.0,3.0,3.0,0.0,300.0,0.0,False,True,False,False,False,False,False,False,False,False,False,False,False,True,False
231,102,2019-12-18 11:21,2019-12-18,4.0,7.0,1.0,3.0,3.0,4.0,4.0,0.0,0.0,3.0,3.0,0.0,0.0,0.0,False,False,False,False,False,False,False,False,False,False,False,False,False,False,True
232,102,2019-12-19 9:09,2019-12-19,4.0,1.0,4.0,4.0,4.0,4.0,4.0,0.0,0.0,3.0,3.0,0.0,300.0,0.0,False,True,False,False,False,False,False,False,False,False,False,False,True,False,False
234,102,2019-12-21 10:30,2019-12-21,4.0,1.0,4.0,4.0,4.0,4.0,4.0,0.0,0.0,3.0,3.0,3.0,0.0,0.0,False,False,False,False,False,False,False,False,False,False,True,False,False,False,False
235,102,2019-12-22 10:02,2019-12-22,4.0,1.0,4.0,3.0,3.0,4.0,4.0,0.0,0.0,3.0,3.0,3.0,300.0,0.0,False,True,False,False,False,False,False,False,False,False,False,True,False,False,False
236,102,2019-12-23 9:47,2019-12-23,4.0,1.0,2.0,4.0,3.0,4.0,4.0,0.0,0.0,3.0,3.0,0.0,300.0,0.0,False,True,False,False,False,False,False,False,False,True,False,False,False,False,False
237,102,2019-12-24 9:15,2019-12-24,4.0,0.0,4.0,4.0,4.0,4.0,4.0,0.0,0.0,3.0,3.0,0.0,0.0,0.0,False,False,False,False,False,False,False,False,False,False,False,False,False,True,False
239,109,2019-12-07 7:59,2019-12-07,4.0,5.0,4.0,4.0,4.0,4.0,4.0,1.0,0.0,3.0,3.0,0.0,300.0,0.0,False,True,False,False,False,False,False,False,False,False,True,False,False,False,False
240,109,2019-12-08 8:02,2019-12-08,3.0,0.0,4.0,2.0,3.0,3.0,2.0,1.0,0.0,2.0,3.0,0.0,600.0,0.0,False,True,False,False,False,False,False,False,False,False,False,True,False,False,False
241,109,2019-12-09 7:59,2019-12-09,4.0,9.0,2.0,3.0,3.0,3.0,2.0,0.0,0.0,3.0,2.0,0.0,0.0,0.0,False,False,False,False,False,False,False,False,False,True,False,False,False,False,False
243,109,2019-12-15 9:43,2019-12-15,2.0,5.0,4.0,2.0,2.0,4.0,3.0,1.0,0.0,3.0,0.0,3.0,600.0,0.0,False,True,False,False,False,False,False,False,False,False,False,True,False,False,False
244,109,2019-12-16 8:06,2019-12-16,2.0,5.0,4.0,2.0,2.0,2.0,1.0,0.0,0.0,2.0,2.0,0.0,300.0,0.0,False,True,False,False,False,False,False,False,False,True,False,False,False,False,False
245,109,2019-12-17 9:13,2019-12-17,4.0,0.0,4.0,4.0,4.0,2.0,2.0,0.0,0.0,2.0,3.0,0.0,0.0,0.0,False,False,False,False,False,False,False,False,False,False,False,False,False,True,False
246,109,2019-12-18 10:34,2019-12-18,4.0,0.0,4.0,2.0,2.0,2.0,1.0,0.0,0.0,0.0,3.0,0.0,0.0,0.0,False,False,False,False,False,False,False,False,False,False,False,False,False,False,True
247,109,2019-12-20 11:02,2019-12-20,5.0,9.0,4.0,5.0,5.0,5.0,4.0,0.0,0.0,1.0,2.0,0.0,0.0,0.0,False,False,False,False,False,False,False,False,True,False,False,False,False,False,False
248,109,2019-12-21 7:44,2019-12-21,4.0,0.0,4.0,4.0,4.0,4.0,4.0,0.0,0.0,3.0,2.0,0.0,0.0,0.0,False,False,False,False,False,False,False,False,False,False,True,False,False,False,False
249,109,2019-12-22 6:05,2019-12-22,3.0,0.0,4.0,4.0,4.0,4.0,4.0,0.0,0.0,3.0,0.0,0.0,0.0,0.0,False,False,False,False,False,False,False,False,False,False,False,True,False,False,False
251,107,2019-12-28 10:19,2019-12-28,3.0,4.0,4.0,2.0,3.0,4.0,3.0,0.0,0.0,3.0,3.0,0.0,900.0,200.0,False,True,False,False,True,False,False,False,False,False,True,False,False,False,False
252,107,2019-12-29 11:28,2019-12-29,5.0,4.0,4.0,2.0,4.0,4.0,4.0,1.0,0.0,3.0,3.0,3.0,300.0,200.0,False,True,False,False,True,False,False,False,False,False,False,True,False,False,False
253,107,2019-12-30 7:37,2019-12-30,4.0,0.0,2.0,2.0,3.0,3.0,3.0,0.0,0.0,3.0,3.0,0.0,300.0,0.0,False,True,False,False,False,False,False,False,False,True,False,False,False,False,False
255,107,2020-01-01 13:27,2020-01-01,4.0,4.0,4.0,2.0,3.0,4.0,4.0,0.0,0.0,3.0,3.0,0.0,300.0,0.0,False,False,False,True,False,False,False,False,False,False,False,False,False,False,True
257,107,2020-01-03 7:54,2020-01-03,4.0,0.0,2.0,4.0,4.0,5.0,4.0,0.0,3.0,2.0,3.0,0.0,600.0,0.0,False,True,False,False,False,False,False,False,True,False,False,False,False,False,False
258,107,2020-01-04 10:11,2020-01-04,4.0,4.0,4.0,4.0,4.0,3.0,2.0,0.0,3.0,3.0,3.0,0.0,0.0,0.0,False,False,False,False,False,False,False,False,False,False,True,False,False,False,False
259,107,2020-01-05 11:02,2020-01-05,4.0,4.0,3.0,3.0,4.0,5.0,4.0,0.0,0.0,3.0,3.0,3.0,300.0,200.0,False,True,False,False,True,False,False,False,False,False,False,True,False,False,False
260,107,2020-01-06 8:36,2020-01-06,4.0,0.0,3.0,4.0,4.0,4.0,4.0,0.0,3.0,3.0,3.0,3.0,600.0,0.0,False,True,False,False,False,False,False,False,False,True,False,False,False,False,False
261,107,2020-01-07 7:26,2020-01-07,5.0,0.0,4.0,5.0,5.0,5.0,5.0,0.0,3.0,3.0,3.0,3.0,0.0,0.0,False,False,False,False,False,False,False,False,False,False,False,False,False,True,False
262,107,2020-01-08 8:03,2020-01-08,3.0,5.0,4.0,3.0,3.0,4.0,4.0,0.0,3.0,3.0,3.0,0.0,600.0,0.0,False,True,False,False,False,False,False,False,False,False,False,False,False,False,True
264,107,2020-01-12 13:11,2020-01-12,2.0,4.0,3.0,2.0,4.0,4.0,4.0,0.0,2.0,2.0,2.0,2.0,0.0,0.0,False,False,False,False,False,False,False,False,False,False,False,True,False,False,False
266,107,2020-01-14 7:26,2020-01-14,5.0,0.0,4.0,4.0,2.0,4.0,4.0,0.0,2.0,2.0,2.0,0.0,0.0,0.0,False,False,False,False,False,False,False,False,False,False,False,False,False,True,False
267,107,2020-01-15 7:21,2020-01-15,4.0,0.0,2.0,4.0,4.0,4.0,4.0,0.0,3.0,3.0,3.0,3.0,900.0,0.0,False,True,False,False,False,False,False,False,False,False,False,False,False,False,True
268,107,2020-01-16 8:37,2020-01-16,4.0,5.0,4.0,2.0,2.0,4.0,4.0,0.0,3.0,2.0,3.0,0.0,300.0,0.0,False,True,False,False,False,False,False,False,False,False,False,False,True,False,False
269,107,2020-01-17 6:41,2020-01-17,2.0,0.0,2.0,1.0,3.0,4.0,4.0,0.0,3.0,3.0,3.0,3.0,300.0,0.0,False,True,False,False,False,False,False,False,True,False,False,False,False,False,False
273,118,2020-01-28 5:05,2020-01-28,3.0,2.0,4.0,3.0,2.0,4.0,3.0,0.0,3.0,3.0,3.0,0.0,600.0,0.0,False,True,False,False,False,False,False,False,False,False,False,False,False,True,False
274,118,2020-01-29 8:10,2020-01-29,4.0,0.0,4.0,4.0,3.0,4.0,2.0,0.0,3.0,3.0,3.0,0.0,300.0,200.0,False,True,False,False,True,False,False,False,False,False,False,False,False,False,True
276,118,2020-01-31 8:32,2020-01-31,3.0,0.0,2.0,1.0,2.0,4.0,1.0,1.0,3.0,3.0,3.0,3.0,900.0,0.0,False,True,False,False,False,False,False,False,True,False,False,False,False,False,False
277,118,2020-02-01 9:13,2020-02-01,4.0,0.0,4.0,3.0,3.0,3.0,3.0,0.0,3.0,3.0,3.0,3.0,900.0,200.0,False,True,False,False,False,True,False,False,False,False,True,False,False,False,False
278,118,2020-02-02 9:13,2020-02-02,3.0,0.0,4.0,3.0,3.0,4.0,4.0,0.0,3.0,3.0,3.0,0.0,300.0,0.0,False,True,False,False,False,False,False,False,False,False,False,True,False,False,False
279,118,2020-02-03 8:09,2020-02-03,4.0,0.0,4.0,4.0,3.0,4.0,4.0,0.0,3.0,3.0,3.0,3.0,600.0,0.0,False,True,False,False,False,False,False,False,False,True,False,False,False,False,False
280,118,2020-02-04 10:35,2020-02-04,4.0,0.0,2.0,3.0,3.0,3.0,3.0,0.0,3.0,3.0,3.0,0.0,0.0,0.0,False,False,False,False,False,False,False,False,False,False,False,False,False,True,False
281,118,2020-02-05 5:06,2020-02-05,4.0,0.0,4.0,4.0,4.0,3.0,1.0,1.0,3.0,3.0,3.0,0.0,300.0,0.0,False,True,False,False,False,False,False,False,False,False,False,False,False,False,True
284,118,2020-02-10 6:31,2020-02-10,3.0,9.0,2.0,3.0,2.0,3.0,1.0,0.0,3.0,3.0,3.0,0.0,300.0,200.0,False,True,False,False,True,False,False,False,False,True,False,False,False,False,False
285,118,2020-02-11 7:02,2020-02-11,2.0,9.0,4.0,2.0,1.0,2.0,1.0,0.0,3.0,3.0,3.0,0.0,300.0,200.0,False,True,False,False,True,False,False,False,False,False,False,False,False,True,False
286,118,2020-02-12 6:35,2020-02-12,2.0,9.0,4.0,3.0,3.0,4.0,3.0,0.0,3.0,3.0,3.0,0.0,0.0,0.0,False,False,False,False,False,False,False,False,False,False,False,False,False,False,True
287,118,2020-02-13 7:02,2020-02-13,4.0,0.0,4.0,4.0,3.0,3.0,2.0,0.0,3.0,3.0,3.0,0.0,600.0,0.0,False,True,False,False,False,False,False,False,False,False,False,False,True,False,False
288,118,2020-02-14 6:39,2020-02-14,4.0,0.0,2.0,4.0,3.0,3.0,3.0,0.0,3.0,3.0,3.0,0.0,300.0,0.0,False,True,False,False,False,False,False,False,True,False,False,False,False,False,False
289,118,2020-02-15 10:11,2020-02-15,2.0,0.0,4.0,2.0,3.0,4.0,3.0,0.0,3.0,3.0,3.0,0.0,0.0,400.0,False,False,False,False,True,False,False,False,False,False,True,False,False,False,False
290,118,2020-02-16 6:37,2020-02-16,4.0,0.0,4.0,4.0,3.0,3.0,3.0,0.0,3.0,3.0,3.0,0.0,0.0,200.0,False,False,False,False,True,False,False,False,False,False,False,True,False,False,False
292,112,2019-12-12 8:49,2019-12-12,4.0,2.0,4.0,4.0,4.0,3.0,2.0,0.0,0.0,2.0,3.0,3.0,0.0,0.0,False,False,False,False,False,False,False,False,False,False,False,False,True,False,False
293,112,2019-12-13 8:58,2019-12-13,2.0,2.0,4.0,1.0,1.0,3.0,2.0,0.0,0.0,3.0,3.0,2.0,0.0,0.0,False,False,False,False,False,False,False,False,True,False,False,False,False,False,False
295,112,2019-12-15 12:36,2019-12-15,3.0,0.0,4.0,3.0,4.0,4.0,3.0,0.0,0.0,2.0,3.0,0.0,0.0,0.0,False,False,False,False,False,False,False,False,False,False,False,True,False,False,False
296,112,2019-12-16 8:46,2019-12-16,3.0,0.0,4.0,2.0,2.0,4.0,4.0,0.0,0.0,3.0,3.0,0.0,0.0,0.0,False,False,False,False,False,False,False,False,False,True,False,False,False,False,False
297,112,2019-12-17 8:50,2019-12-17,1.0,2.0,2.0,2.0,2.0,3.0,3.0,0.0,0.0,2.0,3.0,0.0,0.0,0.0,False,False,False,False,False,False,False,False,False,False,False,False,False,True,False
298,112,2019-12-18 8:30,2019-12-18,4.0,0.0,4.0,2.0,3.0,4.0,4.0,0.0,0.0,2.0,3.0,2.0,0.0,0.0,False,False,False,False,False,False,False,False,False,False,False,False,False,False,True
300,112,2019-12-20 11:13,2019-12-20,4.0,2.0,4.0,4.0,4.0,2.0,2.0,0.0,0.0,2.0,2.0,0.0,0.0,0.0,False,False,False,False,False,False,False,False,True,False,False,False,False,False,False
301,112,2019-12-21 13:56,2019-12-21,2.0,0.0,4.0,1.0,1.0,3.0,3.0,0.0,0.0,2.0,2.0,0.0,0.0,0.0,False,False,False,False,False,False,False,False,False,False,True,False,False,False,False
303,112,2019-12-23 12:43,2019-12-23,3.0,0.0,4.0,4.0,4.0,2.0,4.0,0.0,0.0,1.0,2.0,0.0,0.0,0.0,False,False,False,False,False,False,False,False,False,True,False,False,False,False,False
304,112,2019-12-24 13:10,2019-12-24,4.0,0.0,4.0,4.0,4.0,4.0,4.0,0.0,0.0,2.0,3.0,0.0,0.0,0.0,False,False,False,False,False,False,False,False,False,False,False,False,False,True,False
305,112,2019-12-25 14:07,2019-12-25,4.0,0.0,4.0,4.0,4.0,4.0,4.0,0.0,0.0,1.0,3.0,2.0,0.0,0.0,False,False,False,False,False,False,False,False,False,False,False,False,False,False,True
306,112,2019-12-26 10:48,2019-12-26,3.0,2.0,2.0,3.0,4.0,4.0,4.0,0.0,0.0,2.0,3.0,1.0,0.0,0.0,False,False,False,False,False,False,False,False,False,False,False,False,True,False,False
307,116,2020-01-22 10:41,2020-01-22,4.0,0.0,4.0,4.0,4.0,4.0,5.0,0.0,3.0,2.0,3.0,0.0,0.0,0.0,False,False,False,False,False,False,False,False,False,False,False,False,False,False,True
308,116,2020-01-23 6:45,2020-01-23,4.0,0.0,4.0,4.0,4.0,4.0,5.0,0.0,3.0,0.0,3.0,3.0,0.0,0.0,False,False,False,False,False,False,False,False,False,False,False,False,True,False,False
309,116,2020-01-24 10:28,2020-01-24,4.0,0.0,4.0,4.0,5.0,5.0,5.0,0.0,3.0,3.0,3.0,3.0,0.0,0.0,False,False,False,False,False,False,False,False,True,False,False,False,False,False,False
310,116,2020-01-25 8:03,2020-01-25,5.0,0.0,4.0,4.0,5.0,5.0,5.0,0.0,3.0,3.0,3.0,3.0,0.0,0.0,False,False,False,False,False,False,False,False,False,False,True,False,False,False,False
311,116,2020-01-26 9:38,2020-01-26,4.0,0.0,2.0,4.0,5.0,5.0,5.0,1.0,3.0,3.0,3.0,3.0,0.0,0.0,False,False,False,False,False,False,False,False,False,False,False,True,False,False,False
312,116,2020-01-27 8:53,2020-01-27,5.0,0.0,4.0,5.0,5.0,5.0,5.0,0.0,3.0,3.0,3.0,3.0,0.0,0.0,False,False,False,False,False,False,False,False,False,True,False,False,False,False,False
313,116,2020-01-28 8:35,2020-01-28,5.0,0.0,4.0,4.0,4.0,5.0,5.0,0.0,3.0,3.0,3.0,3.0,0.0,0.0,False,False,False,False,False,False,False,False,False,False,False,False,False,True,False
314,116,2020-01-29 10:38,2020-01-29,4.0,0.0,4.0,4.0,4.0,5.0,4.0,0.0,3.0,3.0,3.0,3.0,0.0,0.0,False,False,False,False,False,False,False,False,False,False,False,False,False,False,True
315,116,2020-01-30 10:32,2020-01-30,3.0,2.0,2.0,4.0,4.0,4.0,4.0,0.0,3.0,3.0,3.0,3.0,0.0,0.0,False,False,False,False,False,False,False,False,False,False,False,False,True,False,False
316,116,2020-01-31 10:34,2020-01-31,4.0,0.0,2.0,4.0,4.0,5.0,5.0,0.0,3.0,3.0,3.0,3.0,0.0,0.0,False,False,False,False,False,False,False,False,True,False,False,False,False,False,False
317,116,2020-02-01 11:04,2020-02-01,4.0,0.0,2.0,4.0,4.0,5.0,5.0,0.0,3.0,3.0,3.0,0.0,0.0,0.0,False,False,False,False,False,False,False,False,False,False,True,False,False,False,False
318,116,2020-02-02 8:31,2020-02-02,2.0,3.0,1.0,3.0,3.0,5.0,5.0,0.0,0.0,3.0,3.0,2.0,0.0,0.0,False,False,False,False,False,False,False,False,False,False,False,True,False,False,False
319,116,2020-02-03 7:33,2020-02-03,4.0,3.0,2.0,4.0,4.0,5.0,4.0,0.0,3.0,3.0,3.0,0.0,0.0,0.0,False,False,False,False,False,False,False,False,False,True,False,False,False,False,False
320,116,2020-02-04 7:34,2020-02-04,4.0,0.0,4.0,4.0,4.0,4.0,4.0,0.0,3.0,3.0,3.0,0.0,0.0,0.0,False,False,False,False,False,False,False,False,False,False,False,False,False,True,False
321,116,2020-02-05 9:33,2020-02-05,4.0,0.0,1.0,4.0,4.0,4.0,4.0,0.0,0.0,3.0,2.0,0.0,0.0,0.0,False,False,False,False,False,False,False,False,False,False,False,False,False,False,True
323,17,2018-11-01 8:52,2018-11-01,3.0,3.0,1.0,2.0,2.0,3.0,3.0,0.0,0.0,2.0,3.0,0.0,0.0,0.0,False,False,False,False,False,False,False,False,False,False,False,False,True,False,False
324,17,2018-11-02 9:12,2018-11-02,4.0,0.0,4.0,3.0,4.0,3.0,4.0,0.0,0.0,3.0,3.0,0.0,0.0,0.0,False,False,False,False,False,False,False,False,True,False,False,False,False,False,False
327,17,2018-11-06 9:20,2018-11-06,4.0,5.0,4.0,3.0,3.0,4.0,4.0,0.0,0.0,3.0,3.0,0.0,0.0,0.0,False,False,False,False,False,False,False,False,False,False,False,False,False,True,False
328,17,2018-11-07 9:50,2018-11-07,3.0,5.0,4.0,3.0,3.0,3.0,3.0,0.0,0.0,3.0,3.0,0.0,0.0,200.0,False,False,False,False,False,False,False,True,False,False,False,False,False,False,True
335,24,2018-11-18 15:23,2018-11-18,5.0,0.0,2.0,5.0,5.0,4.0,5.0,0.0,0.0,0.0,2.0,0.0,0.0,0.0,False,False,False,False,False,False,False,False,False,False,False,True,False,False,False
336,24,2018-11-19 12:21,2018-11-19,1.0,1.0,2.0,2.0,2.0,4.0,3.0,0.0,0.0,2.0,3.0,0.0,0.0,0.0,False,False,False,False,False,False,False,False,False,True,False,False,False,False,False
337,24,2018-11-20 8:46,2018-11-20,3.0,0.0,4.0,3.0,3.0,4.0,4.0,0.0,0.0,1.0,2.0,2.0,900.0,0.0,False,False,False,True,False,False,False,False,False,False,False,False,False,True,False
338,24,2018-11-21 9:56,2018-11-21,3.0,5.0,4.0,4.0,3.0,3.0,3.0,1.0,0.0,3.0,2.0,0.0,1500.0,0.0,False,False,False,True,False,False,False,False,False,False,False,False,False,False,True
339,24,2018-11-22 8:51,2018-11-22,3.0,5.0,4.0,3.0,4.0,3.0,1.0,0.0,0.0,3.0,2.0,0.0,300.0,0.0,False,True,False,False,False,False,False,False,False,False,False,False,True,False,False
340,24,2018-11-23 9:16,2018-11-23,4.0,5.0,3.0,4.0,4.0,4.0,4.0,1.0,0.0,3.0,3.0,0.0,1200.0,0.0,False,False,False,True,False,False,False,False,True,False,False,False,False,False,False
341,24,2018-11-24 12:44,2018-11-24,4.0,0.0,4.0,4.0,4.0,5.0,4.0,0.0,0.0,2.0,1.0,0.0,1800.0,0.0,False,False,False,True,False,False,False,False,False,False,True,False,False,False,False
342,24,2018-11-25 13:48,2018-11-25,4.0,1.0,4.0,4.0,3.0,3.0,3.0,1.0,0.0,0.0,0.0,3.0,0.0,0.0,False,False,False,False,False,False,False,False,False,False,False,True,False,False,False
343,24,2018-11-26 8:49,2018-11-26,4.0,0.0,4.0,3.0,3.0,4.0,4.0,0.0,0.0,2.0,3.0,0.0,0.0,0.0,False,False,False,False,False,False,False,False,False,True,False,False,False,False,False
344,24,2018-11-27 11:23,2018-11-27,3.0,0.0,4.0,2.0,1.0,4.0,4.0,0.0,0.0,3.0,2.0,0.0,1200.0,0.0,False,True,False,False,False,False,False,False,False,False,False,False,False,True,False
345,24,2018-11-28 8:48,2018-11-28,3.0,1.0,4.0,3.0,3.0,4.0,5.0,0.0,0.0,1.0,2.0,3.0,300.0,400.0,False,True,False,False,False,True,False,False,False,False,False,False,False,False,True
347,4,2018-10-31 10:15,2018-10-31,1.0,7.0,1.0,1.0,1.0,1.0,2.0,0.0,3.0,3.0,3.0,3.0,0.0,0.0,False,False,False,False,False,False,False,False,False,False,False,False,False,False,True
348,4,2018-11-01 8:02,2018-11-01,1.0,7.0,1.0,1.0,1.0,1.0,1.0,0.0,0.0,0.0,1.0,0.0,300.0,0.0,False,True,False,False,False,False,False,False,False,False,False,False,True,False,False
349,4,2018-11-02 7:33,2018-11-02,1.0,7.0,1.0,1.0,1.0,1.0,1.0,0.0,0.0,0.0,3.0,0.0,600.0,0.0,False,True,False,False,False,False,False,False,True,False,False,False,False,False,False
350,4,2018-11-03 11:16,2018-11-03,2.0,2.0,1.0,1.0,1.0,3.0,1.0,0.0,0.0,2.0,3.0,0.0,600.0,0.0,True,False,False,False,False,False,False,False,False,False,True,False,False,False,False
351,4,2018-11-05 7:29,2018-11-05,2.0,2.0,1.0,1.0,1.0,1.0,1.0,1.0,0.0,0.0,3.0,3.0,900.0,0.0,False,True,False,False,False,False,False,False,False,True,False,False,False,False,False
352,4,2018-11-06 7:36,2018-11-06,2.0,4.0,1.0,1.0,2.0,1.0,1.0,0.0,0.0,2.0,2.0,0.0,600.0,0.0,False,True,False,False,False,False,False,False,False,False,False,False,False,True,False
353,4,2018-11-07 8:45,2018-11-07,2.0,4.0,1.0,1.0,1.0,2.0,1.0,0.0,3.0,1.0,1.0,0.0,600.0,0.0,False,True,False,False,False,False,False,False,False,False,False,False,False,False,True
354,4,2018-11-08 8:01,2018-11-08,2.0,4.0,4.0,2.0,2.0,3.0,1.0,0.0,3.0,2.0,3.0,0.0,0.0,0.0,False,False,False,False,False,False,False,False,False,False,False,False,True,False,False
355,4,2018-11-09 7:48,2018-11-09,2.0,4.0,4.0,1.0,2.0,3.0,2.0,0.0,0.0,2.0,1.0,0.0,300.0,0.0,False,True,False,False,False,False,False,False,True,False,False,False,False,False,False
356,4,2018-11-10 11:45,2018-11-10,3.0,4.0,4.0,2.0,2.0,3.0,2.0,0.0,2.0,1.0,3.0,3.0,600.0,200.0,False,True,False,False,False,True,False,False,False,False,True,False,False,False,False
357,4,2018-11-11 11:03,2018-11-11,2.0,4.0,4.0,2.0,3.0,3.0,2.0,1.0,2.0,2.0,1.0,1.0,300.0,0.0,False,True,False,False,False,False,False,False,False,False,False,True,False,False,False
358,4,2018-11-12 9:56,2018-11-12,2.0,4.0,4.0,2.0,3.0,2.0,1.0,1.0,3.0,0.0,3.0,1.0,300.0,0.0,False,True,False,False,False,False,False,False,False,True,False,False,False,False,False
359,4,2018-11-13 10:34,2018-11-13,2.0,4.0,4.0,1.0,2.0,2.0,1.0,0.0,3.0,0.0,1.0,0.0,600.0,0.0,False,True,False,False,False,False,False,False,False,False,False,False,False,True,False
361,25,2018-11-16 8:08,2018-11-16,3.0,0.0,4.0,2.0,2.0,4.0,4.0,0.0,3.0,3.0,3.0,3.0,600.0,0.0,False,True,False,False,False,False,False,False,True,False,False,False,False,False,False
363,25,2018-11-18 10:07,2018-11-18,3.0,0.0,4.0,2.0,2.0,4.0,4.0,0.0,3.0,3.0,3.0,0.0,300.0,0.0,False,True,False,False,False,False,False,False,False,False,False,True,False,False,False
364,25,2018-11-19 9:14,2018-11-19,3.0,0.0,4.0,2.0,2.0,2.0,2.0,0.0,3.0,2.0,3.0,0.0,0.0,0.0,False,False,False,False,False,False,False,False,False,True,False,False,False,False,False
366,25,2018-11-21 12:01,2018-11-21,3.0,0.0,4.0,4.0,4.0,3.0,2.0,0.0,3.0,3.0,3.0,0.0,0.0,200.0,False,False,False,False,False,True,False,False,False,False,False,False,False,False,True
368,25,2018-11-23 9:09,2018-11-23,3.0,0.0,4.0,2.0,4.0,4.0,4.0,0.0,2.0,2.0,2.0,2.0,0.0,0.0,False,False,False,False,False,False,False,False,True,False,False,False,False,False,False
369,25,2018-11-25 11:49,2018-11-25,3.0,0.0,4.0,3.0,3.0,3.0,3.0,1.0,3.0,3.0,1.0,3.0,300.0,200.0,False,True,False,False,False,False,True,False,False,False,False,True,False,False,False
370,25,2018-11-26 9:12,2018-11-26,3.0,0.0,4.0,3.0,3.0,3.0,3.0,0.0,2.0,2.0,2.0,2.0,0.0,0.0,False,False,False,False,False,False,False,False,False,True,False,False,False,False,False
371,25,2018-11-27 8:44,2018-11-27,3.0,0.0,4.0,3.0,3.0,3.0,3.0,0.0,2.0,2.0,2.0,2.0,0.0,0.0,False,False,False,False,False,False,False,False,False,False,False,False,False,True,False
372,25,2018-11-28 15:34,2018-11-28,3.0,0.0,4.0,3.0,3.0,3.0,3.0,0.0,2.0,2.0,2.0,2.0,0.0,0.0,False,False,False,False,False,False,False,False,False,False,False,False,False,False,True
374,3,2018-11-01 11:58,2018-11-01,2.0,2.0,4.0,2.0,3.0,3.0,1.0,0.0,0.0,2.0,2.0,0.0,300.0,0.0,False,True,False,False,False,False,False,False,False,False,False,False,True,False,False
375,3,2018-11-02 10:48,2018-11-02,3.0,0.0,4.0,2.0,3.0,3.0,2.0,0.0,0.0,2.0,2.0,0.0,0.0,0.0,False,False,False,False,False,False,False,False,True,False,False,False,False,False,False
377,3,2018-11-07 9:50,2018-11-07,2.0,7.0,1.0,1.0,2.0,3.0,2.0,0.0,2.0,2.0,2.0,2.0,0.0,0.0,False,False,False,False,False,False,False,False,False,False,False,False,False,False,True
378,3,2018-11-08 11:50,2018-11-08,3.0,2.0,2.0,2.0,3.0,2.0,1.0,0.0,0.0,1.0,2.0,0.0,0.0,0.0,False,False,False,False,False,False,False,False,False,False,False,False,True,False,False
379,3,2018-11-09 10:15,2018-11-09,2.0,2.0,4.0,2.0,3.0,3.0,3.0,0.0,0.0,2.0,3.0,0.0,0.0,0.0,False,False,False,False,False,False,False,False,True,False,False,False,False,False,False
380,3,2018-11-10 12:22,2018-11-10,3.0,2.0,2.0,3.0,3.0,3.0,2.0,1.0,0.0,2.0,3.0,0.0,0.0,0.0,False,False,False,False,False,False,False,False,False,False,True,False,False,False,False
381,3,2018-11-11 11:44,2018-11-11,4.0,0.0,4.0,3.0,3.0,3.0,2.0,0.0,0.0,2.0,2.0,0.0,0.0,0.0,False,False,False,False,False,False,False,False,False,False,False,True,False,False,False
382,3,2018-11-12 8:20,2018-11-12,2.0,5.0,4.0,2.0,3.0,3.0,2.0,0.0,0.0,1.0,3.0,0.0,0.0,0.0,False,False,False,False,False,False,False,False,False,True,False,False,False,False,False
385,18,2018-11-17 21:14,2018-11-17,2.0,5.0,4.0,2.0,2.0,3.0,3.0,0.0,3.0,3.0,0.0,0.0,0.0,0.0,False,False,False,False,False,False,False,False,False,False,True,False,False,False,False
386,18,2018-11-18 13:02,2018-11-18,3.0,5.0,4.0,2.0,2.0,4.0,2.0,0.0,0.0,2.0,2.0,3.0,0.0,0.0,False,False,False,False,False,False,False,False,False,False,False,True,False,False,False
389,18,2018-11-21 13:15,2018-11-21,4.0,5.0,2.0,2.0,3.0,4.0,2.0,0.0,0.0,2.0,3.0,0.0,0.0,0.0,False,False,False,False,False,False,False,False,False,False,False,False,False,False,True
392,18,2018-11-24 15:02,2018-11-24,3.0,0.0,4.0,2.0,2.0,4.0,2.0,0.0,0.0,2.0,0.0,3.0,0.0,0.0,False,False,False,False,False,False,False,False,False,False,True,False,False,False,False
393,18,2018-11-25 10:43,2018-11-25,3.0,5.0,4.0,2.0,2.0,4.0,2.0,0.0,0.0,2.0,3.0,3.0,0.0,0.0,False,False,False,False,False,False,False,False,False,False,False,True,False,False,False
395,18,2018-11-28 8:38,2018-11-28,4.0,0.0,4.0,4.0,3.0,4.0,4.0,0.0,0.0,3.0,3.0,0.0,0.0,0.0,False,False,False,False,False,False,False,False,False,False,False,False,False,False,True
398,15,2018-11-02 9:32,2018-11-02,3.0,8.0,4.0,2.0,2.0,3.0,1.0,0.0,0.0,1.0,2.0,0.0,1200.0,0.0,False,True,False,False,False,False,False,False,True,False,False,False,False,False,False
399,15,2018-11-03 10:44,2018-11-03,2.0,0.0,4.0,1.0,1.0,3.0,1.0,0.0,2.0,1.0,2.0,0.0,1500.0,0.0,False,True,False,False,False,False,False,False,False,False,True,False,False,False,False
400,15,2018-11-04 11:00,2018-11-04,1.0,7.0,1.0,2.0,1.0,3.0,1.0,0.0,0.0,2.0,3.0,0.0,1500.0,200.0,False,True,False,False,True,False,False,False,False,False,False,True,False,False,False
401,15,2018-11-05 11:05,2018-11-05,2.0,0.0,4.0,2.0,3.0,2.0,2.0,0.0,1.0,2.0,2.0,0.0,1200.0,0.0,False,True,False,False,False,False,False,False,False,True,False,False,False,False,False
403,15,2018-11-07 9:56,2018-11-07,2.0,2.0,4.0,2.0,3.0,3.0,3.0,0.0,1.0,2.0,2.0,0.0,1200.0,0.0,False,True,False,False,False,False,False,False,False,False,False,False,False,False,True
404,15,2018-11-08 11:13,2018-11-08,2.0,2.0,4.0,1.0,3.0,3.0,2.0,0.0,2.0,1.0,2.0,0.0,900.0,0.0,False,True,False,False,False,False,False,False,False,False,False,False,True,False,False
406,15,2018-11-10 10:03,2018-11-10,2.0,2.0,4.0,2.0,2.0,3.0,3.0,0.0,1.0,2.0,2.0,0.0,900.0,0.0,False,True,False,False,False,False,False,False,False,False,True,False,False,False,False
408,15,2018-11-12 9:16,2018-11-12,2.0,7.0,1.0,2.0,2.0,3.0,3.0,0.0,2.0,1.0,2.0,0.0,900.0,0.0,False,True,False,False,False,False,False,False,False,True,False,False,False,False,False
410,20,2018-11-16 10:24,2018-11-16,2.0,1.0,4.0,2.0,2.0,3.0,3.0,0.0,0.0,2.0,2.0,2.0,900.0,0.0,False,True,False,False,False,False,False,False,True,False,False,False,False,False,False
412,20,2018-11-18 12:07,2018-11-18,1.0,0.0,2.0,2.0,2.0,5.0,4.0,1.0,2.0,0.0,3.0,2.0,300.0,600.0,False,True,False,False,True,False,False,False,False,False,False,True,False,False,False
416,20,2018-11-23 10:18,2018-11-23,5.0,3.0,3.0,4.0,4.0,4.0,4.0,0.0,3.0,2.0,2.0,0.0,600.0,0.0,False,True,False,False,False,False,False,False,True,False,False,False,False,False,False
418,20,2018-11-27 10:02,2018-11-27,2.0,1.0,2.0,2.0,3.0,3.0,3.0,0.0,0.0,2.0,2.0,0.0,600.0,0.0,False,True,False,False,False,False,False,False,False,False,False,False,False,True,False
419,20,2018-11-28 10:12,2018-11-28,4.0,1.0,2.0,3.0,4.0,4.0,4.0,0.0,2.0,2.0,2.0,2.0,600.0,0.0,False,True,False,False,False,False,False,False,False,False,False,False,False,False,True
423,10,2018-11-04 12:41,2018-11-04,4.0,9.0,4.0,4.0,3.0,3.0,3.0,0.0,2.0,2.0,2.0,2.0,0.0,0.0,False,False,False,False,False,False,False,False,False,False,False,True,False,False,False
425,10,2018-11-06 8:43,2018-11-06,1.0,0.0,2.0,3.0,3.0,3.0,2.0,0.0,2.0,2.0,2.0,2.0,600.0,0.0,False,True,False,False,False,False,False,False,False,False,False,False,False,True,False
426,10,2018-11-07 8:42,2018-11-07,1.0,2.0,2.0,2.0,1.0,3.0,3.0,0.0,2.0,2.0,2.0,0.0,300.0,0.0,False,True,False,False,False,False,False,False,False,False,False,False,False,False,True
432,21,2018-11-17 8:01,2018-11-17,4.0,0.0,4.0,2.0,2.0,4.0,3.0,1.0,1.0,2.0,0.0,0.0,300.0,0.0,False,True,False,False,False,False,False,False,False,False,True,False,False,False,False
434,21,2018-11-19 11:31,2018-11-19,4.0,0.0,4.0,4.0,4.0,3.0,1.0,0.0,1.0,3.0,1.0,1.0,0.0,0.0,False,False,False,False,False,False,False,False,False,True,False,False,False,False,False
435,21,2018-11-20 8:02,2018-11-20,5.0,0.0,4.0,2.0,4.0,5.0,2.0,0.0,0.0,3.0,3.0,0.0,0.0,0.0,False,False,False,False,False,False,False,False,False,False,False,False,False,True,False
436,21,2018-11-22 11:12,2018-11-22,4.0,0.0,4.0,4.0,5.0,4.0,2.0,0.0,0.0,3.0,3.0,0.0,0.0,0.0,False,False,False,False,False,False,False,False,False,False,False,False,True,False,False
439,21,2018-11-25 6:25,2018-11-25,2.0,0.0,4.0,1.0,3.0,4.0,2.0,0.0,0.0,3.0,3.0,0.0,0.0,0.0,False,False,False,False,False,False,False,False,False,False,False,True,False,False,False
440,21,2018-11-26 11:40,2018-11-26,4.0,0.0,4.0,3.0,4.0,3.0,5.0,0.0,3.0,1.0,3.0,0.0,0.0,200.0,False,False,False,False,False,True,False,False,False,True,False,False,False,False,False
441,21,2018-11-27 7:05,2018-11-27,4.0,0.0,4.0,3.0,4.0,3.0,4.0,0.0,0.0,3.0,3.0,0.0,0.0,0.0,False,False,False,False,False,False,False,False,False,False,False,False,False,True,False
445,11,2018-11-02 11:30,2018-11-02,4.0,1.0,4.0,2.0,2.0,4.0,2.0,0.0,0.0,0.0,3.0,0.0,300.0,0.0,False,True,False,False,False,False,False,False,True,False,False,False,False,False,False
446,11,2018-11-03 13:25,2018-11-03,4.0,1.0,2.0,3.0,3.0,3.0,2.0,0.0,0.0,3.0,3.0,3.0,0.0,0.0,False,False,False,False,False,False,False,False,False,False,True,False,False,False,False
447,11,2018-11-04 18:11,2018-11-04,2.0,1.0,2.0,1.0,2.0,3.0,1.0,0.0,0.0,3.0,3.0,0.0,300.0,0.0,False,True,False,False,False,False,False,False,False,False,False,True,False,False,False
448,11,2018-11-05 9:18,2018-11-05,1.0,0.0,4.0,1.0,1.0,2.0,2.0,0.0,0.0,3.0,3.0,0.0,0.0,0.0,False,False,False,False,False,False,False,False,False,True,False,False,False,False,False
449,11,2018-11-06 15:51,2018-11-06,4.0,0.0,4.0,3.0,2.0,4.0,2.0,0.0,3.0,3.0,0.0,3.0,300.0,0.0,False,True,False,False,False,False,False,False,False,False,False,False,False,True,False
450,11,2018-11-07 13:32,2018-11-07,2.0,0.0,4.0,2.0,3.0,3.0,2.0,0.0,0.0,0.0,3.0,0.0,300.0,0.0,False,True,False,False,False,False,False,False,False,False,False,False,False,False,True
451,11,2018-11-08 15:51,2018-11-08,4.0,0.0,4.0,3.0,2.0,2.0,1.0,0.0,0.0,3.0,3.0,0.0,300.0,0.0,False,True,False,False,False,False,False,False,False,False,False,False,True,False,False
452,11,2018-11-09 7:14,2018-11-09,1.0,0.0,4.0,2.0,2.0,3.0,1.0,0.0,0.0,0.0,3.0,0.0,300.0,0.0,False,True,False,False,False,False,False,False,True,False,False,False,False,False,False
453,11,2018-11-10 18:35,2018-11-10,4.0,0.0,2.0,2.0,4.0,3.0,2.0,1.0,0.0,3.0,3.0,0.0,0.0,0.0,False,False,False,False,False,False,False,False,False,False,True,False,False,False,False
454,11,2018-11-11 15:36,2018-11-11,4.0,0.0,4.0,3.0,3.0,3.0,3.0,1.0,0.0,0.0,3.0,0.0,0.0,0.0,False,False,False,False,False,False,False,False,False,False,False,True,False,False,False
455,11,2018-11-12 16:05,2018-11-12,4.0,0.0,4.0,3.0,3.0,3.0,3.0,0.0,0.0,0.0,3.0,0.0,0.0,0.0,False,False,False,False,False,False,False,False,False,True,False,False,False,False,False
456,11,2018-11-13 15:21,2018-11-13,4.0,5.0,4.0,3.0,3.0,3.0,4.0,0.0,0.0,0.0,2.0,0.0,0.0,0.0,False,False,False,False,False,False,False,False,False,False,False,False,False,True,False
458,23,2018-11-16 8:23,2018-11-16,3.0,0.0,4.0,3.0,3.0,4.0,2.0,0.0,2.0,3.0,3.0,0.0,0.0,200.0,False,False,False,False,False,True,False,False,True,False,False,False,False,False,False
459,23,2018-11-17 10:27,2018-11-17,4.0,0.0,4.0,2.0,4.0,2.0,2.0,0.0,0.0,3.0,3.0,0.0,0.0,0.0,False,False,False,False,False,False,False,False,False,False,True,False,False,False,False
460,23,2018-11-18 8:32,2018-11-18,2.0,0.0,4.0,2.0,2.0,3.0,5.0,0.0,0.0,2.0,3.0,3.0,0.0,0.0,False,False,False,False,False,False,False,False,False,False,False,True,False,False,False
461,23,2018-11-19 8:29,2018-11-19,3.0,7.0,2.0,2.0,3.0,3.0,3.0,0.0,2.0,2.0,3.0,0.0,0.0,0.0,False,False,False,False,False,False,False,False,False,True,False,False,False,False,False
462,23,2018-11-20 12:11,2018-11-20,2.0,0.0,4.0,1.0,2.0,3.0,3.0,0.0,0.0,1.0,3.0,0.0,0.0,0.0,False,False,False,False,False,False,False,False,False,False,False,False,False,True,False
463,23,2018-11-21 8:28,2018-11-21,5.0,0.0,2.0,4.0,4.0,3.0,2.0,0.0,0.0,2.0,3.0,0.0,0.0,0.0,False,False,False,False,False,False,False,False,False,False,False,False,False,False,True
466,23,2018-11-24 11:39,2018-11-24,5.0,0.0,4.0,4.0,5.0,3.0,4.0,0.0,0.0,2.0,3.0,0.0,0.0,0.0,False,False,False,False,False,False,False,False,False,False,True,False,False,False,False
467,23,2018-11-25 11:50,2018-11-25,4.0,0.0,4.0,4.0,4.0,4.0,4.0,0.0,0.0,3.0,3.0,0.0,0.0,0.0,False,False,False,False,False,False,False,False,False,False,False,True,False,False,False
468,23,2018-11-26 8:34,2018-11-26,3.0,0.0,4.0,2.0,3.0,4.0,4.0,0.0,0.0,3.0,3.0,0.0,0.0,400.0,False,False,False,False,False,True,False,False,False,True,False,False,False,False,False
469,23,2018-11-27 8:19,2018-11-27,2.0,0.0,4.0,2.0,3.0,4.0,4.0,0.0,0.0,3.0,3.0,0.0,0.0,0.0,False,False,False,False,False,False,False,False,False,False,False,False,False,True,False
470,23,2018-11-28 13:57,2018-11-28,2.0,0.0,4.0,2.0,2.0,4.0,4.0,0.0,0.0,3.0,3.0,0.0,0.0,0.0,False,False,False,False,False,False,False,False,False,False,False,False,False,False,True
472,13,2018-11-01 8:42,2018-11-01,3.0,0.0,4.0,2.0,3.0,5.0,2.0,0.0,0.0,3.0,3.0,0.0,0.0,0.0,False,False,False,False,False,False,False,False,False,False,False,False,True,False,False
473,13,2018-11-02 8:16,2018-11-02,3.0,1.0,4.0,2.0,3.0,5.0,4.0,0.0,0.0,3.0,3.0,0.0,0.0,0.0,False,False,False,False,False,False,False,False,True,False,False,False,False,False,False
474,13,2018-11-03 12:54,2018-11-03,2.0,3.0,2.0,1.0,3.0,3.0,2.0,0.0,0.0,3.0,3.0,0.0,0.0,0.0,False,False,False,False,False,False,False,False,False,False,True,False,False,False,False
476,13,2018-11-06 10:25,2018-11-06,2.0,1.0,2.0,2.0,2.0,4.0,3.0,0.0,0.0,3.0,3.0,0.0,0.0,0.0,False,False,False,False,False,False,False,False,False,False,False,False,False,True,False
477,13,2018-11-07 12:58,2018-11-07,3.0,5.0,4.0,2.0,3.0,3.0,3.0,0.0,0.0,3.0,3.0,0.0,0.0,0.0,False,False,False,False,False,False,False,False,False,False,False,False,False,False,True
478,13,2018-11-08 9:59,2018-11-08,5.0,5.0,4.0,2.0,4.0,3.0,2.0,0.0,0.0,3.0,3.0,0.0,0.0,0.0,False,False,False,False,False,False,False,False,False,False,False,False,True,False,False
480,13,2018-11-10 13:58,2018-11-10,5.0,3.0,4.0,1.0,3.0,5.0,2.0,1.0,0.0,2.0,3.0,0.0,0.0,0.0,False,False,False,False,False,False,False,False,False,False,True,False,False,False,False
481,13,2018-11-11 15:33,2018-11-11,2.0,1.0,4.0,1.0,2.0,5.0,2.0,0.0,0.0,3.0,3.0,0.0,0.0,0.0,False,False,False,False,False,False,False,False,False,False,False,True,False,False,False
482,13,2018-11-12 13:11,2018-11-12,2.0,4.0,2.0,1.0,2.0,4.0,4.0,0.0,0.0,3.0,3.0,0.0,0.0,0.0,False,False,False,False,False,False,False,False,False,True,False,False,False,False,False
485,1,2018-11-17 11:48,2018-11-17,3.0,3.0,2.0,4.0,5.0,3.0,1.0,0.0,1.0,3.0,3.0,0.0,0.0,0.0,False,False,False,False,False,False,False,False,False,False,True,False,False,False,False
486,1,2018-11-18 11:36,2018-11-18,3.0,0.0,4.0,3.0,4.0,5.0,4.0,0.0,1.0,3.0,3.0,0.0,600.0,0.0,False,True,False,False,False,False,False,False,False,False,False,True,False,False,False
487,1,2018-11-19 7:49,2018-11-19,4.0,6.0,4.0,2.0,2.0,3.0,2.0,0.0,2.0,3.0,3.0,0.0,300.0,0.0,False,True,False,False,False,False,False,False,False,True,False,False,False,False,False
488,1,2018-11-20 9:12,2018-11-20,3.0,0.0,4.0,1.0,5.0,4.0,2.0,0.0,2.0,3.0,3.0,0.0,600.0,0.0,False,True,False,False,False,False,False,False,False,False,False,False,False,True,False
490,1,2018-11-22 9:09,2018-11-22,4.0,0.0,4.0,1.0,2.0,3.0,2.0,0.0,1.0,3.0,3.0,2.0,0.0,0.0,False,False,False,False,False,False,False,False,False,False,False,False,True,False,False
491,1,2018-11-23 8:18,2018-11-23,5.0,0.0,4.0,1.0,2.0,4.0,2.0,0.0,3.0,3.0,3.0,0.0,1200.0,0.0,False,True,False,False,False,False,False,False,True,False,False,False,False,False,False
492,1,2018-11-24 7:30,2018-11-24,5.0,0.0,4.0,1.0,2.0,3.0,1.0,1.0,3.0,3.0,3.0,0.0,0.0,0.0,False,False,False,False,False,False,False,False,False,False,True,False,False,False,False
494,1,2018-11-28 8:35,2018-11-28,1.0,0.0,4.0,1.0,1.0,4.0,3.0,0.0,3.0,3.0,3.0,3.0,0.0,0.0,False,False,False,False,False,False,False,False,False,False,False,False,False,False,True
496,12,2018-11-01 8:06,2018-11-01,5.0,0.0,4.0,4.0,4.0,5.0,5.0,1.0,0.0,3.0,0.0,0.0,600.0,0.0,False,True,False,False,False,False,False,False,False,False,False,False,True,False,False
497,12,2018-11-02 7:54,2018-11-02,4.0,0.0,4.0,3.0,3.0,4.0,5.0,1.0,0.0,2.0,0.0,0.0,300.0,0.0,False,True,False,False,False,False,False,False,True,False,False,False,False,False,False
499,12,2018-11-06 7:54,2018-11-06,4.0,8.0,4.0,4.0,4.0,4.0,5.0,1.0,0.0,3.0,0.0,0.0,300.0,0.0,False,True,False,False,False,False,False,False,False,False,False,False,False,True,False
500,12,2018-11-07 7:24,2018-11-07,4.0,0.0,4.0,3.0,4.0,5.0,5.0,1.0,0.0,3.0,0.0,3.0,300.0,0.0,False,True,False,False,False,False,False,False,False,False,False,False,False,False,True
501,12,2018-11-08 8:22,2018-11-08,4.0,0.0,4.0,2.0,4.0,4.0,5.0,1.0,0.0,2.0,2.0,0.0,300.0,0.0,False,True,False,False,False,False,False,False,False,False,False,False,True,False,False
502,12,2018-11-09 8:27,2018-11-09,4.0,0.0,4.0,2.0,3.0,4.0,5.0,1.0,0.0,3.0,0.0,0.0,600.0,0.0,False,True,False,False,False,False,False,False,True,False,False,False,False,False,False
506,30,2018-11-16 10:13,2018-11-16,3.0,0.0,4.0,3.0,2.0,3.0,2.0,0.0,0.0,1.0,3.0,0.0,300.0,0.0,False,True,False,False,False,False,False,False,True,False,False,False,False,False,False
507,30,2018-11-17 8:25,2018-11-17,3.0,2.0,4.0,2.0,2.0,3.0,2.0,1.0,3.0,3.0,1.0,1.0,0.0,0.0,False,False,False,False,False,False,False,False,False,False,True,False,False,False,False
508,30,2018-11-18 9:03,2018-11-18,3.0,0.0,4.0,3.0,3.0,4.0,3.0,1.0,3.0,3.0,2.0,0.0,0.0,0.0,False,False,False,False,False,False,False,False,False,False,False,True,False,False,False
509,30,2018-11-19 22:25,2018-11-19,4.0,0.0,4.0,4.0,4.0,4.0,4.0,1.0,3.0,3.0,3.0,0.0,0.0,0.0,False,False,False,False,False,False,False,False,False,True,False,False,False,False,False
510,30,2018-11-21 9:32,2018-11-21,2.0,0.0,4.0,2.0,3.0,3.0,3.0,0.0,3.0,3.0,3.0,0.0,0.0,0.0,False,False,False,False,False,False,False,False,False,False,False,False,False,False,True
512,30,2018-11-23 10:24,2018-11-23,3.0,0.0,4.0,2.0,3.0,3.0,3.0,0.0,3.0,3.0,3.0,0.0,0.0,0.0,False,False,False,False,False,False,False,False,True,False,False,False,False,False,False
513,30,2018-11-24 12:10,2018-11-24,3.0,0.0,4.0,3.0,3.0,3.0,2.0,1.0,2.0,2.0,3.0,0.0,0.0,0.0,False,False,False,False,False,False,False,False,False,False,True,False,False,False,False
514,30,2018-11-25 13:54,2018-11-25,2.0,1.0,4.0,2.0,2.0,3.0,2.0,1.0,0.0,1.0,3.0,0.0,0.0,0.0,False,False,False,False,False,False,False,False,False,False,False,True,False,False,False
515,30,2018-11-26 9:54,2018-11-26,3.0,1.0,4.0,2.0,3.0,3.0,3.0,1.0,3.0,3.0,2.0,0.0,300.0,0.0,False,True,False,False,False,False,False,False,False,True,False,False,False,False,False
516,30,2018-11-28 9:11,2018-11-28,2.0,0.0,4.0,2.0,2.0,3.0,1.0,0.0,2.0,3.0,3.0,0.0,0.0,0.0,False,False,False,False,False,False,False,False,False,False,False,False,False,False,True
518,7,2018-11-01 7:24,2018-11-01,3.0,1.0,2.0,4.0,4.0,4.0,3.0,0.0,0.0,2.0,2.0,0.0,600.0,0.0,False,True,False,False,False,False,False,False,False,False,False,False,True,False,False
519,7,2018-11-02 7:32,2018-11-02,4.0,2.0,2.0,3.0,4.0,3.0,2.0,0.0,0.0,3.0,3.0,0.0,600.0,0.0,False,True,False,False,False,False,False,False,True,False,False,False,False,False,False
520,7,2018-11-03 7:53,2018-11-03,4.0,0.0,2.0,4.0,3.0,3.0,1.0,0.0,0.0,3.0,3.0,0.0,900.0,0.0,False,True,False,False,False,False,False,False,False,False,True,False,False,False,False
521,7,2018-11-04 7:36,2018-11-04,3.0,2.0,2.0,3.0,2.0,4.0,4.0,0.0,3.0,3.0,3.0,0.0,300.0,200.0,False,True,False,False,True,False,False,False,False,False,False,True,False,False,False
522,7,2018-11-05 7:43,2018-11-05,2.0,1.0,2.0,2.0,3.0,4.0,4.0,0.0,0.0,3.0,3.0,0.0,600.0,0.0,False,True,False,False,False,False,False,False,False,True,False,False,False,False,False
523,7,2018-11-06 7:27,2018-11-06,4.0,1.0,2.0,3.0,3.0,2.0,2.0,0.0,0.0,2.0,3.0,0.0,300.0,0.0,False,True,False,False,False,False,False,False,False,False,False,False,False,True,False
524,7,2018-11-07 7:12,2018-11-07,4.0,0.0,2.0,3.0,3.0,3.0,2.0,0.0,0.0,2.0,3.0,0.0,300.0,0.0,False,True,False,False,False,False,False,False,False,False,False,False,False,False,True
525,7,2018-11-08 7:28,2018-11-08,4.0,0.0,2.0,3.0,4.0,3.0,2.0,0.0,0.0,2.0,2.0,0.0,600.0,0.0,False,True,False,False,False,False,False,False,False,False,False,False,True,False,False
526,7,2018-11-09 7:19,2018-11-09,4.0,0.0,3.0,3.0,3.0,3.0,2.0,0.0,0.0,3.0,2.0,0.0,900.0,0.0,False,True,False,False,False,False,False,False,True,False,False,False,False,False,False
527,7,2018-11-10 9:48,2018-11-10,3.0,0.0,2.0,2.0,3.0,3.0,3.0,0.0,0.0,3.0,0.0,0.0,600.0,0.0,False,True,False,False,False,False,False,False,False,False,True,False,False,False,False
528,7,2018-11-11 9:10,2018-11-11,4.0,2.0,2.0,3.0,4.0,3.0,4.0,0.0,0.0,3.0,3.0,0.0,0.0,0.0,False,False,False,False,False,False,False,False,False,False,False,True,False,False,False
529,7,2018-11-13 7:22,2018-11-13,3.0,1.0,2.0,3.0,3.0,3.0,3.0,0.0,0.0,3.0,3.0,0.0,300.0,0.0,False,True,False,False,False,False,False,False,False,False,False,False,False,True,False
532,29,2018-11-17 15:19,2018-11-17,4.0,9.0,3.0,1.0,2.0,3.0,1.0,0.0,0.0,3.0,0.0,0.0,300.0,0.0,False,True,False,False,False,False,False,False,False,False,True,False,False,False,False
533,29,2018-11-18 8:34,2018-11-18,3.0,9.0,4.0,2.0,2.0,3.0,1.0,0.0,0.0,0.0,3.0,0.0,300.0,0.0,False,True,False,False,False,False,False,False,False,False,False,True,False,False,False
534,29,2018-11-21 9:58,2018-11-21,2.0,5.0,4.0,1.0,1.0,2.0,1.0,0.0,3.0,2.0,0.0,0.0,300.0,0.0,False,True,False,False,False,False,False,False,False,False,False,False,False,False,True
535,29,2018-11-24 22:36,2018-11-24,5.0,0.0,2.0,2.0,2.0,3.0,2.0,0.0,0.0,2.0,0.0,0.0,0.0,0.0,False,False,False,False,False,False,False,False,False,False,True,False,False,False,False
537,29,2018-11-26 22:14,2018-11-26,2.0,9.0,4.0,2.0,4.0,3.0,3.0,0.0,0.0,3.0,2.0,0.0,300.0,0.0,False,True,False,False,False,False,False,False,False,True,False,False,False,False,False
538,29,2018-11-27 15:13,2018-11-27,4.0,5.0,3.0,2.0,3.0,4.0,3.0,0.0,3.0,2.0,2.0,0.0,600.0,0.0,False,True,False,False,False,False,False,False,False,False,False,False,False,True,False
540,5,2018-10-31 8:17,2018-10-31,4.0,3.0,4.0,4.0,3.0,4.0,2.0,0.0,2.0,2.0,2.0,2.0,300.0,0.0,False,True,False,False,False,False,False,False,False,False,False,False,False,False,True
541,5,2018-11-01 7:20,2018-11-01,4.0,0.0,4.0,2.0,3.0,2.0,1.0,1.0,3.0,0.0,0.0,0.0,300.0,0.0,False,True,False,False,False,False,False,False,False,False,False,False,True,False,False
542,5,2018-11-02 6:44,2018-11-02,3.0,0.0,4.0,2.0,3.0,4.0,4.0,0.0,3.0,2.0,3.0,0.0,300.0,0.0,False,True,False,False,False,False,False,False,True,False,False,False,False,False,False
543,5,2018-11-03 7:20,2018-11-03,4.0,0.0,4.0,4.0,3.0,4.0,3.0,0.0,3.0,2.0,3.0,0.0,300.0,0.0,False,True,False,False,False,False,False,False,False,False,True,False,False,False,False
544,5,2018-11-04 7:08,2018-11-04,3.0,0.0,4.0,2.0,2.0,3.0,1.0,0.0,2.0,3.0,0.0,0.0,600.0,0.0,False,True,False,False,False,False,False,False,False,False,False,True,False,False,False
545,5,2018-11-05 7:48,2018-11-05,4.0,0.0,4.0,4.0,2.0,4.0,2.0,0.0,3.0,1.0,0.0,3.0,900.0,0.0,False,True,False,False,False,False,False,False,False,True,False,False,False,False,False
546,5,2018-11-07 7:38,2018-11-07,3.0,3.0,4.0,2.0,2.0,4.0,2.0,0.0,3.0,1.0,0.0,3.0,900.0,0.0,False,True,False,False,False,False,False,False,False,False,False,False,False,False,True
547,5,2018-11-08 8:30,2018-11-08,2.0,2.0,1.0,2.0,1.0,4.0,3.0,0.0,3.0,3.0,1.0,0.0,600.0,0.0,False,True,False,False,False,False,False,False,False,False,False,False,True,False,False
548,5,2018-11-09 8:21,2018-11-09,4.0,0.0,4.0,4.0,4.0,3.0,4.0,0.0,3.0,3.0,2.0,3.0,300.0,0.0,False,True,False,False,False,False,False,False,True,False,False,False,False,False,False
549,5,2018-11-10 7:28,2018-11-10,4.0,3.0,4.0,4.0,3.0,4.0,3.0,0.0,3.0,1.0,3.0,0.0,300.0,0.0,False,True,False,False,False,False,False,False,False,False,True,False,False,False,False
550,5,2018-11-11 8:23,2018-11-11,3.0,3.0,1.0,3.0,3.0,4.0,4.0,0.0,3.0,1.0,0.0,3.0,300.0,200.0,False,True,False,False,True,False,False,False,False,False,False,True,False,False,False
551,5,2018-11-12 7:27,2018-11-12,2.0,3.0,4.0,2.0,2.0,4.0,3.0,0.0,3.0,3.0,0.0,2.0,300.0,0.0,False,True,False,False,False,False,False,False,False,True,False,False,False,False,False
552,5,2018-11-13 7:41,2018-11-13,4.0,3.0,4.0,2.0,3.0,2.0,1.0,0.0,3.0,1.0,0.0,0.0,600.0,0.0,False,True,False,False,False,False,False,False,False,False,False,False,False,True,False
554,22,2018-11-16 9:14,2018-11-16,3.0,5.0,4.0,3.0,4.0,3.0,2.0,0.0,2.0,2.0,2.0,0.0,0.0,0.0,False,False,False,False,False,False,False,False,True,False,False,False,False,False,False
555,22,2018-11-17 7:35,2018-11-17,3.0,2.0,4.0,3.0,3.0,3.0,2.0,0.0,2.0,2.0,2.0,0.0,0.0,0.0,False,False,False,False,False,False,False,False,False,False,True,False,False,False,False
556,22,2018-11-18 9:40,2018-11-18,3.0,3.0,4.0,2.0,3.0,3.0,1.0,1.0,2.0,2.0,2.0,0.0,0.0,0.0,False,False,False,False,False,False,False,False,False,False,False,True,False,False,False
557,22,2018-11-20 9:07,2018-11-20,2.0,9.0,4.0,2.0,3.0,2.0,3.0,0.0,2.0,2.0,2.0,0.0,0.0,0.0,False,False,False,False,False,False,False,False,False,False,False,False,False,True,False
558,22,2018-11-21 9:17,2018-11-21,3.0,2.0,4.0,3.0,3.0,3.0,3.0,0.0,2.0,2.0,2.0,0.0,0.0,0.0,False,False,False,False,False,False,False,False,False,False,False,False,False,False,True
559,22,2018-11-22 8:59,2018-11-22,3.0,2.0,4.0,3.0,3.0,3.0,3.0,0.0,2.0,2.0,2.0,0.0,300.0,0.0,False,True,False,False,False,False,False,False,False,False,False,False,True,False,False
560,22,2018-11-23 8:29,2018-11-23,2.0,5.0,4.0,1.0,1.0,2.0,1.0,0.0,2.0,2.0,1.0,0.0,0.0,0.0,False,False,False,False,False,False,False,False,True,False,False,False,False,False,False
561,22,2018-11-24 9:29,2018-11-24,4.0,0.0,4.0,4.0,4.0,3.0,2.0,0.0,2.0,0.0,2.0,0.0,0.0,0.0,False,False,False,False,False,False,False,False,False,False,True,False,False,False,False
562,22,2018-11-25 9:29,2018-11-25,3.0,0.0,4.0,3.0,3.0,3.0,2.0,0.0,2.0,2.0,2.0,0.0,0.0,0.0,False,False,False,False,False,False,False,False,False,False,False,True,False,False,False
563,22,2018-11-26 9:22,2018-11-26,3.0,0.0,4.0,3.0,3.0,3.0,3.0,0.0,2.0,2.0,2.0,0.0,0.0,0.0,False,False,False,False,False,False,False,False,False,True,False,False,False,False,False
564,22,2018-11-27 7:16,2018-11-27,3.0,1.0,4.0,3.0,3.0,3.0,3.0,0.0,2.0,2.0,2.0,0.0,0.0,0.0,False,False,False,False,False,False,False,False,False,False,False,False,False,True,False
565,22,2018-11-28 9:05,2018-11-28,3.0,1.0,4.0,3.0,3.0,3.0,3.0,0.0,2.0,2.0,2.0,0.0,0.0,0.0,False,False,False,False,False,False,False,False,False,False,False,False,False,False,True
567,6,2018-11-01 8:19,2018-11-01,4.0,2.0,2.0,2.0,3.0,3.0,3.0,0.0,2.0,2.0,2.0,2.0,0.0,0.0,False,False,False,False,False,False,False,False,False,False,False,False,True,False,False
571,6,2018-11-05 6:59,2018-11-05,3.0,0.0,2.0,3.0,3.0,3.0,3.0,0.0,2.0,2.0,2.0,0.0,0.0,0.0,False,False,False,False,False,False,False,False,False,True,False,False,False,False,False
572,6,2018-11-06 8:57,2018-11-06,3.0,9.0,2.0,3.0,3.0,3.0,4.0,0.0,2.0,2.0,0.0,0.0,0.0,0.0,False,False,False,False,False,False,False,False,False,False,False,False,False,True,False
573,6,2018-11-07 8:05,2018-11-07,4.0,9.0,2.0,3.0,3.0,3.0,3.0,0.0,2.0,2.0,2.0,0.0,0.0,0.0,False,False,False,False,False,False,False,False,False,False,False,False,False,False,True
575,6,2018-11-10 9:34,2018-11-10,3.0,9.0,2.0,3.0,3.0,3.0,3.0,0.0,2.0,2.0,2.0,0.0,0.0,0.0,False,False,False,False,False,False,False,False,False,False,True,False,False,False,False
577,6,2018-11-13 9:02,2018-11-13,3.0,9.0,2.0,3.0,3.0,3.0,3.0,0.0,2.0,2.0,2.0,0.0,0.0,0.0,False,False,False,False,False,False,False,False,False,False,False,False,False,True,False
579,27,2018-11-16 10:40,2018-11-16,3.0,4.0,2.0,2.0,2.0,1.0,1.0,0.0,0.0,1.0,2.0,0.0,0.0,0.0,False,False,False,False,False,False,False,False,True,False,False,False,False,False,False
580,27,2018-11-17 8:55,2018-11-17,2.0,2.0,4.0,1.0,1.0,1.0,1.0,0.0,0.0,2.0,1.0,0.0,0.0,0.0,False,False,False,False,False,False,False,False,False,False,True,False,False,False,False
581,27,2018-11-18 11:41,2018-11-18,4.0,0.0,2.0,3.0,3.0,2.0,1.0,0.0,0.0,0.0,2.0,0.0,300.0,0.0,False,True,False,False,False,False,False,False,False,False,False,True,False,False,False
582,27,2018-11-19 10:37,2018-11-19,3.0,6.0,2.0,1.0,2.0,1.0,1.0,0.0,0.0,0.0,3.0,0.0,300.0,0.0,False,True,False,False,False,False,False,False,False,True,False,False,False,False,False
583,27,2018-11-20 8:16,2018-11-20,2.0,4.0,2.0,1.0,1.0,1.0,1.0,1.0,0.0,2.0,3.0,0.0,600.0,0.0,False,True,False,False,False,False,False,False,False,False,False,False,False,True,False
584,27,2018-11-21 10:25,2018-11-21,3.0,4.0,2.0,1.0,1.0,2.0,1.0,0.0,0.0,3.0,3.0,0.0,0.0,0.0,False,False,False,False,False,False,False,False,False,False,False,False,False,False,True
585,27,2018-11-22 10:28,2018-11-22,2.0,4.0,2.0,1.0,2.0,1.0,1.0,1.0,0.0,2.0,1.0,0.0,0.0,0.0,False,False,False,False,False,False,False,False,False,False,False,False,True,False,False
586,27,2018-11-23 10:37,2018-11-23,2.0,6.0,4.0,1.0,1.0,2.0,1.0,1.0,0.0,2.0,2.0,0.0,0.0,0.0,False,False,False,False,False,False,False,False,True,False,False,False,False,False,False
587,27,2018-11-24 10:46,2018-11-24,2.0,6.0,2.0,1.0,1.0,1.0,1.0,1.0,0.0,2.0,2.0,0.0,0.0,0.0,False,False,False,False,False,False,False,False,False,False,True,False,False,False,False
588,27,2018-11-25 10:10,2018-11-25,1.0,5.0,2.0,1.0,1.0,4.0,1.0,1.0,0.0,0.0,3.0,0.0,300.0,400.0,False,True,False,False,False,False,True,False,False,False,False,True,False,False,False
589,27,2018-11-26 10:14,2018-11-26,2.0,6.0,2.0,1.0,1.0,2.0,1.0,0.0,0.0,0.0,3.0,0.0,300.0,0.0,False,True,False,False,False,False,False,False,False,True,False,False,False,False,False
590,27,2018-11-27 7:56,2018-11-27,2.0,4.0,2.0,1.0,1.0,1.0,1.0,0.0,0.0,3.0,3.0,0.0,0.0,0.0,False,False,False,False,False,False,False,False,False,False,False,False,False,True,False
591,27,2018-11-28 10:23,2018-11-28,2.0,0.0,2.0,2.0,2.0,3.0,1.0,0.0,0.0,3.0,2.0,0.0,300.0,0.0,False,True,False,False,False,False,False,False,False,False,False,False,False,False,True
593,14,2018-11-01 9:24,2018-11-01,3.0,0.0,4.0,4.0,3.0,2.0,1.0,0.0,0.0,2.0,2.0,3.0,600.0,0.0,False,True,False,False,False,False,False,False,False,False,False,False,True,False,False
594,14,2018-11-02 8:01,2018-11-02,2.0,2.0,4.0,1.0,1.0,3.0,2.0,1.0,2.0,2.0,2.0,0.0,300.0,0.0,False,True,False,False,False,False,False,False,True,False,False,False,False,False,False
595,14,2018-11-03 13:44,2018-11-03,4.0,0.0,4.0,4.0,4.0,2.0,1.0,1.0,0.0,2.0,2.0,3.0,300.0,0.0,False,True,False,False,False,False,False,False,False,False,True,False,False,False,False
597,14,2018-11-05 8:22,2018-11-05,2.0,0.0,4.0,1.0,1.0,2.0,1.0,1.0,0.0,2.0,3.0,0.0,300.0,0.0,False,True,False,False,False,False,False,False,False,True,False,False,False,False,False
599,14,2018-11-08 5:57,2018-11-08,1.0,9.0,4.0,1.0,2.0,2.0,1.0,1.0,3.0,3.0,3.0,3.0,300.0,0.0,False,True,False,False,False,False,False,False,False,False,False,False,True,False,False
601,14,2018-11-10 14:03,2018-11-10,5.0,0.0,4.0,3.0,3.0,1.0,1.0,1.0,1.0,2.0,2.0,0.0,300.0,0.0,False,True,False,False,False,False,False,False,False,False,True,False,False,False,False
602,14,2018-11-11 14:45,2018-11-11,4.0,6.0,4.0,5.0,3.0,5.0,2.0,1.0,3.0,0.0,3.0,3.0,0.0,0.0,False,False,False,False,False,False,False,False,False,False,False,True,False,False,False
603,14,2018-11-12 8:59,2018-11-12,4.0,4.0,4.0,3.0,3.0,3.0,2.0,1.0,0.0,3.0,3.0,3.0,300.0,0.0,False,True,False,False,False,False,False,False,False,True,False,False,False,False,False
604,14,2018-11-13 23:12,2018-11-13,3.0,9.0,4.0,3.0,3.0,3.0,2.0,1.0,0.0,2.0,2.0,0.0,600.0,0.0,False,True,False,False,False,False,False,False,False,False,False,False,False,True,False
606,2,2018-11-17 9:10,2018-11-17,3.0,5.0,4.0,3.0,3.0,2.0,1.0,1.0,0.0,2.0,3.0,3.0,0.0,1000.0,False,False,False,False,True,False,False,False,False,False,True,False,False,False,False
609,2,2018-11-27 19:43,2018-11-27,1.0,0.0,4.0,2.0,4.0,4.0,3.0,1.0,2.0,2.0,2.0,0.0,0.0,0.0,False,False,False,False,False,False,False,False,False,False,False,False,False,True,False
610,2,2018-11-28 18:58,2018-11-28,2.0,1.0,4.0,2.0,3.0,4.0,4.0,1.0,2.0,2.0,2.0,0.0,0.0,0.0,False,False,False,False,False,False,False,False,False,False,False,False,False,False,True
613,16,2018-11-02 12:48,2018-11-02,4.0,1.0,4.0,2.0,1.0,3.0,1.0,0.0,0.0,3.0,2.0,0.0,900.0,0.0,False,True,False,False,False,False,False,False,True,False,False,False,False,False,False
615,16,2018-11-08 10:05,2018-11-08,3.0,0.0,4.0,2.0,2.0,2.0,2.0,0.0,2.0,2.0,2.0,0.0,0.0,0.0,False,False,False,False,False,False,False,False,False,False,False,False,True,False,False
618,28,2018-11-16 7:36,2018-11-16,3.0,5.0,4.0,2.0,2.0,4.0,2.0,0.0,0.0,3.0,3.0,3.0,0.0,0.0,False,False,False,False,False,False,False,False,True,False,False,False,False,False,False
620,28,2018-11-18 8:52,2018-11-18,4.0,0.0,4.0,3.0,3.0,4.0,2.0,1.0,2.0,1.0,2.0,0.0,300.0,0.0,True,False,False,False,False,False,False,False,False,False,False,True,False,False,False
621,28,2018-11-19 6:54,2018-11-19,4.0,0.0,4.0,4.0,4.0,4.0,4.0,1.0,2.0,3.0,3.0,0.0,300.0,0.0,False,True,False,False,False,False,False,False,False,True,False,False,False,False,False
622,28,2018-11-20 8:16,2018-11-20,4.0,0.0,4.0,3.0,3.0,4.0,4.0,0.0,2.0,3.0,3.0,1.0,0.0,0.0,False,False,False,False,False,False,False,False,False,False,False,False,False,True,False
623,28,2018-11-21 9:03,2018-11-21,4.0,5.0,4.0,5.0,3.0,3.0,2.0,0.0,0.0,2.0,0.0,3.0,0.0,0.0,False,False,False,False,False,False,False,False,False,False,False,False,False,False,True
624,28,2018-11-22 7:43,2018-11-22,2.0,5.0,4.0,3.0,3.0,5.0,5.0,0.0,2.0,3.0,3.0,0.0,0.0,0.0,False,False,False,False,False,False,False,False,False,False,False,False,True,False,False
625,28,2018-11-23 13:29,2018-11-23,1.0,5.0,4.0,2.0,3.0,3.0,2.0,0.0,0.0,3.0,2.0,0.0,0.0,0.0,False,False,False,False,False,False,False,False,True,False,False,False,False,False,False
626,28,2018-11-24 10:11,2018-11-24,4.0,5.0,4.0,4.0,4.0,5.0,5.0,0.0,0.0,1.0,2.0,2.0,0.0,0.0,False,False,False,False,False,False,False,False,False,False,True,False,False,False,False
627,28,2018-11-25 17:34,2018-11-25,4.0,0.0,4.0,4.0,4.0,4.0,3.0,0.0,0.0,2.0,2.0,0.0,0.0,0.0,False,False,False,False,False,False,False,False,False,False,False,True,False,False,False
629,28,2018-11-27 19:27,2018-11-27,4.0,0.0,2.0,4.0,4.0,3.0,3.0,0.0,1.0,2.0,2.0,0.0,0.0,0.0,False,False,False,False,False,False,False,False,False,False,False,False,False,True,False
630,28,2018-11-28 9:15,2018-11-28,4.0,2.0,4.0,3.0,3.0,4.0,2.0,0.0,2.0,2.0,2.0,2.0,0.0,0.0,False,False,False,False,False,False,False,False,False,False,False,False,False,False,True
631,8,2018-11-01 7:41,2018-11-01,2.0,2.0,4.0,2.0,2.0,4.0,2.0,0.0,0.0,2.0,3.0,0.0,300.0,0.0,False,False,True,False,False,False,False,False,False,False,False,False,True,False,False
632,8,2018-11-02 8:08,2018-11-02,1.0,1.0,4.0,2.0,3.0,3.0,3.0,0.0,0.0,3.0,3.0,0.0,0.0,0.0,False,False,False,False,False,False,False,False,True,False,False,False,False,False,False
633,8,2018-11-03 10:46,2018-11-03,2.0,2.0,4.0,2.0,4.0,5.0,3.0,0.0,3.0,2.0,3.0,3.0,300.0,200.0,False,True,False,False,False,False,False,True,False,False,True,False,False,False,False
635,8,2018-11-05 7:42,2018-11-05,2.0,6.0,4.0,2.0,3.0,4.0,4.0,1.0,3.0,3.0,3.0,3.0,600.0,0.0,False,True,False,False,False,False,False,False,False,True,False,False,False,False,False
636,8,2018-11-06 8:11,2018-11-06,3.0,6.0,4.0,2.0,3.0,4.0,2.0,0.0,3.0,3.0,3.0,0.0,600.0,200.0,False,True,False,False,True,False,False,False,False,False,False,False,False,True,False
637,8,2018-11-07 21:39,2018-11-07,2.0,0.0,4.0,2.0,3.0,3.0,2.0,0.0,2.0,3.0,2.0,0.0,300.0,0.0,False,True,False,False,False,False,False,False,False,False,False,False,False,False,True
638,8,2018-11-08 8:05,2018-11-08,2.0,0.0,3.0,2.0,3.0,3.0,3.0,0.0,2.0,3.0,3.0,0.0,300.0,0.0,False,True,False,False,False,False,False,False,False,False,False,False,True,False,False
639,8,2018-11-09 7:36,2018-11-09,1.0,2.0,4.0,2.0,3.0,1.0,1.0,1.0,0.0,2.0,2.0,0.0,0.0,0.0,False,False,False,False,False,False,False,False,True,False,False,False,False,False,False
640,8,2018-11-10 10:39,2018-11-10,1.0,2.0,4.0,2.0,3.0,4.0,3.0,0.0,0.0,2.0,2.0,0.0,600.0,0.0,False,True,False,False,False,False,False,False,False,False,True,False,False,False,False
641,8,2018-11-11 9:37,2018-11-11,1.0,1.0,4.0,2.0,3.0,4.0,4.0,0.0,2.0,2.0,3.0,0.0,300.0,0.0,False,True,False,False,False,False,False,False,False,False,False,True,False,False,False
642,8,2018-11-12 21:51,2018-11-12,3.0,2.0,3.0,3.0,3.0,4.0,3.0,0.0,2.0,3.0,3.0,0.0,600.0,0.0,False,True,False,False,False,False,False,False,False,True,False,False,False,False,False
646,19,2018-11-18 10:13,2018-11-18,3.0,0.0,1.0,3.0,4.0,4.0,2.0,0.0,0.0,3.0,3.0,0.0,0.0,0.0,False,False,False,False,False,False,False,False,False,False,False,True,False,False,False
648,19,2018-11-20 8:13,2018-11-20,3.0,0.0,2.0,2.0,3.0,4.0,4.0,0.0,0.0,2.0,2.0,0.0,0.0,0.0,False,False,False,False,False,False,False,False,False,False,False,False,False,True,False
649,19,2018-11-21 8:21,2018-11-21,3.0,5.0,2.0,2.0,3.0,3.0,2.0,0.0,0.0,3.0,3.0,0.0,0.0,0.0,False,False,False,False,False,False,False,False,False,False,False,False,False,False,True
651,19,2018-11-23 11:11,2018-11-23,2.0,0.0,2.0,2.0,2.0,3.0,2.0,0.0,3.0,3.0,,0.0,0.0,0.0,False,False,False,False,False,False,False,False,True,False,False,False,False,False,False
652,19,2018-11-25 8:58,2018-11-25,1.0,3.0,2.0,3.0,3.0,3.0,2.0,0.0,0.0,3.0,3.0,3.0,0.0,200.0,False,False,False,False,False,True,False,False,False,False,False,True,False,False,False
653,19,2018-11-27 7:56,2018-11-27,3.0,5.0,2.0,2.0,3.0,3.0,1.0,0.0,3.0,3.0,3.0,0.0,0.0,0.0,False,False,False,False,False,False,False,False,False,False,False,False,False,True,False
654,19,2018-11-28 8:37,2018-11-28,4.0,5.0,1.0,4.0,1.0,3.0,2.0,0.0,2.0,2.0,2.0,0.0,0.0,0.0,False,False,False,False,False,False,False,False,False,False,False,False,False,False,True
656,9,2018-11-02 8:11,2018-11-02,2.0,9.0,4.0,2.0,2.0,3.0,4.0,1.0,2.0,3.0,3.0,0.0,900.0,400.0,False,False,False,True,True,False,False,False,True,False,False,False,False,False,False
657,9,2018-11-03 7:48,2018-11-03,3.0,4.0,4.0,2.0,3.0,3.0,4.0,0.0,2.0,3.0,3.0,0.0,900.0,0.0,False,True,False,False,False,False,False,False,False,False,True,False,False,False,False
658,9,2018-11-04 7:51,2018-11-04,2.0,4.0,4.0,2.0,3.0,4.0,4.0,0.0,1.0,2.0,3.0,3.0,300.0,600.0,False,True,False,False,True,False,False,False,False,False,False,True,False,False,False
659,9,2018-11-05 8:27,2018-11-05,4.0,3.0,4.0,3.0,3.0,2.0,4.0,0.0,3.0,3.0,3.0,0.0,300.0,0.0,False,True,False,False,False,False,False,False,False,True,False,False,False,False,False
660,9,2018-11-06 7:32,2018-11-06,3.0,0.0,4.0,3.0,3.0,3.0,1.0,1.0,2.0,3.0,0.0,2.0,900.0,0.0,False,True,False,False,False,False,False,False,False,False,False,False,False,True,False
661,9,2018-11-07 8:00,2018-11-07,3.0,0.0,4.0,2.0,3.0,3.0,2.0,0.0,2.0,2.0,2.0,0.0,1200.0,0.0,False,True,False,False,False,False,False,False,False,False,False,False,False,False,True
662,9,2018-11-08 8:19,2018-11-08,3.0,3.0,4.0,3.0,3.0,4.0,4.0,0.0,3.0,3.0,3.0,0.0,900.0,0.0,False,True,False,False,False,False,False,False,False,False,False,False,True,False,False
663,9,2018-11-09 8:59,2018-11-09,3.0,0.0,4.0,3.0,3.0,4.0,4.0,0.0,3.0,3.0,3.0,0.0,1200.0,0.0,False,True,False,False,False,False,False,False,True,False,False,False,False,False,False
664,9,2018-11-10 9:10,2018-11-10,3.0,0.0,4.0,2.0,3.0,4.0,4.0,0.0,3.0,3.0,3.0,0.0,900.0,400.0,False,True,False,False,True,False,False,False,False,False,True,False,False,False,False
665,9,2018-11-11 9:36,2018-11-11,4.0,4.0,4.0,3.0,3.0,4.0,4.0,0.0,3.0,3.0,3.0,0.0,600.0,600.0,False,True,False,False,True,False,False,False,False,False,False,True,False,False,False
666,9,2018-11-12 7:39,2018-11-12,3.0,0.0,2.0,3.0,3.0,4.0,4.0,0.0,3.0,3.0,3.0,0.0,600.0,0.0,False,True,False,False,False,False,False,False,False,True,False,False,False,False,False
667,9,2018-11-13 8:17,2018-11-13,2.0,0.0,4.0,2.0,3.0,3.0,3.0,0.0,3.0,3.0,3.0,3.0,900.0,200.0,False,True,False,False,True,False,False,False,False,False,False,False,False,True,False
669,26,2018-11-16 5:24,2018-11-16,1.0,9.0,4.0,3.0,3.0,2.0,3.0,0.0,1.0,2.0,3.0,3.0,0.0,600.0,False,False,False,False,False,True,False,False,True,False,False,False,False,False,False
670,26,2018-11-17 11:04,2018-11-17,2.0,3.0,4.0,2.0,2.0,3.0,2.0,1.0,0.0,3.0,3.0,2.0,0.0,400.0,False,False,False,False,False,True,False,False,False,False,True,False,False,False,False
671,26,2018-11-18 6:30,2018-11-18,1.0,0.0,4.0,3.0,2.0,3.0,2.0,0.0,2.0,2.0,3.0,0.0,0.0,0.0,False,False,False,False,False,False,False,False,False,False,False,True,False,False,False
672,26,2018-11-19 12:04,2018-11-19,4.0,0.0,2.0,4.0,4.0,4.0,4.0,0.0,0.0,2.0,3.0,0.0,0.0,0.0,False,False,False,False,False,False,False,False,False,True,False,False,False,False,False
673,26,2018-11-20 10:10,2018-11-20,5.0,0.0,4.0,5.0,4.0,4.0,3.0,0.0,0.0,3.0,3.0,2.0,0.0,0.0,False,False,False,False,False,False,False,False,False,False,False,False,False,True,False
674,26,2018-11-21 9:16,2018-11-21,4.0,9.0,4.0,4.0,4.0,4.0,3.0,0.0,2.0,3.0,2.0,0.0,0.0,0.0,False,False,False,False,False,False,False,False,False,False,False,False,False,False,True
675,26,2018-11-22 11:44,2018-11-22,5.0,0.0,1.0,3.0,4.0,2.0,2.0,0.0,2.0,3.0,2.0,0.0,0.0,0.0,False,False,False,False,False,False,False,False,False,False,False,False,True,False,False
677,26,2018-11-25 8:45,2018-11-25,2.0,6.0,4.0,2.0,2.0,3.0,3.0,0.0,3.0,2.0,2.0,3.0,0.0,0.0,False,False,False,False,False,False,False,False,False,False,False,True,False,False,False
678,26,2018-11-26 9:50,2018-11-26,2.0,2.0,4.0,2.0,2.0,4.0,4.0,0.0,0.0,2.0,3.0,0.0,0.0,400.0,False,False,False,False,False,True,False,False,False,True,False,False,False,False,False
679,26,2018-11-27 10:27,2018-11-27,3.0,5.0,4.0,3.0,3.0,4.0,2.0,0.0,0.0,2.0,2.0,2.0,0.0,0.0,False,False,False,False,False,False,False,False,False,False,False,False,False,True,False
